"ID","Prediction"
2,4
5,4
7,7
25,7
29,7
33,7
35,7
47,4
64,4
65,5
71,7
75,4
76,4
81,5
88,5
117,5
122,7
130,7
142,4
146,7
148,3
159,5
160,4
167,5
169,7
174,5
175,7
181,4
188,7
189,7
192,7
198,5
201,7
202,4
208,4
210,5
211,7
214,5
226,5
233,5
237,7
240,5
244,7
250,3
252,4
260,7
262,5
276,5
304,5
312,5
328,7
329,4
334,7
336,4
345,5
362,7
374,5
376,7
392,4
411,7
424,7
428,5
429,3
434,4
439,5
460,5
461,4
469,4
471,5
482,5
485,7
504,4
506,7
514,7
517,7
526,5
536,5
540,3
545,5
555,7
556,5
585,7
587,7
594,4
598,5
604,5
607,7
608,4
611,7
626,7
643,4
655,5
659,4
665,4
680,5
683,4
686,3
687,5
690,5
692,7
699,7
701,7
713,5
715,4
716,5
724,7
728,7
737,4
738,4
745,7
747,7
761,5
791,5
792,4
811,7
815,5
817,7
824,4
827,3
830,4
836,7
847,4
849,7
852,4
853,4
859,5
861,5
862,3
873,7
879,7
880,7
881,5
885,7
897,4
898,7
902,7
903,7
905,5
916,7
922,5
928,4
935,4
936,5
945,7
950,4
951,5
968,4
980,5
983,7
986,7
995,7
1003,3
1011,7
1014,4
1016,7
1019,5
1027,5
1035,5
1044,7
1053,4
1056,4
1067,4
1088,5
1100,4
1101,3
1106,5
1118,4
1126,5
1129,7
1146,5
1155,3
1156,5
1159,7
1164,7
1168,3
1188,4
1189,5
1194,4
1203,7
1204,5
1214,5
1220,4
1242,7
1244,7
1245,5
1247,7
1249,7
1250,7
1252,4
1256,7
1262,5
1265,4
1273,4
1275,7
1283,5
1287,4
1290,5
1296,7
1297,7
1304,7
1309,5
1313,5
1324,7
1332,5
1334,5
1339,5
1346,7
1347,4
1350,7
1351,4
1368,4
1371,7
1372,7
1379,7
1381,5
1384,5
1385,7
1392,3
1399,5
1400,4
1408,5
1413,5
1415,5
1429,5
1430,4
1431,4
1433,5
1439,7
1446,5
1453,5
1462,7
1464,3
1465,4
1468,7
1470,7
1473,4
1477,4
1479,7
1485,7
1497,5
1502,4
1506,7
1514,7
1518,7
1519,5
1522,4
1528,3
1548,7
1555,5
1570,4
1580,7
1588,7
1594,7
1622,3
1633,4
1634,5
1641,4
1657,5
1676,5
1713,7
1719,5
1729,7
1731,7
1732,7
1734,5
1741,7
1750,5
1754,4
1755,4
1756,7
1762,7
1768,4
1770,7
1779,5
1782,7
1788,7
1793,7
1809,4
1815,5
1828,7
1833,4
1837,4
1839,5
1855,5
1866,7
1873,5
1883,5
1884,5
1889,4
1891,7
1910,7
1911,7
1932,5
1940,5
1948,5
1949,4
1951,5
1953,4
1967,7
1970,4
1986,4
1990,5
1991,4
1994,4
1998,5
1999,7
2004,7
2006,5
2009,4
2017,7
2020,5
2039,7
2046,5
2067,4
2082,4
2090,5
2091,7
2101,5
2110,7
2114,7
2123,4
2127,7
2139,5
2142,5
2160,4
2161,7
2162,7
2164,7
2165,7
2181,5
2182,5
2197,7
2201,7
2202,7
2204,5
2210,7
2211,5
2220,7
2221,7
2233,5
2252,5
2253,4
2259,7
2264,5
2276,7
2278,7
2286,4
2308,7
2318,7
2329,7
2341,7
2345,4
2349,7
2365,7
2366,7
2367,7
2368,5
2374,7
2375,7
2380,7
2387,7
2389,7
2396,5
2409,5
2415,7
2430,7
2431,7
2440,7
2442,4
2445,5
2446,7
2450,4
2453,7
2459,4
2462,5
2464,4
2465,4
2466,7
2469,5
2475,7
2480,7
2486,4
2496,7
2500,7
2508,5
2519,5
2531,7
2544,7
2548,5
2555,7
2572,7
2575,7
2589,7
2593,5
2605,4
2614,5
2615,5
2617,7
2620,7
2627,5
2654,3
2659,4
2666,5
2672,7
2675,7
2676,7
2678,5
2688,4
2697,7
2698,7
2700,7
2701,7
2702,7
2703,7
2710,5
2717,7
2718,7
2722,4
2724,5
2727,4
2730,5
2734,5
2736,5
2747,5
2750,5
2755,4
2761,4
2762,4
2776,4
2790,7
2806,5
2810,7
2811,7
2815,3
2826,4
2834,7
2836,4
2837,4
2840,5
2860,5
2869,4
2873,5
2874,5
2878,7
2880,5
2882,7
2883,5
2891,4
2901,7
2902,4
2916,7
2925,4
2929,5
2941,4
2942,5
2944,7
2953,4
2954,4
2957,7
2972,7
2994,7
2996,7
3000,4
3017,7
3026,3
3029,7
3038,7
3039,4
3043,7
3044,7
3046,7
3055,4
3057,5
3063,4
3065,4
3067,5
3077,4
3086,7
3090,5
3100,4
3103,7
3112,4
3113,4
3114,5
3116,7
3119,7
3120,7
3122,4
3125,7
3137,5
3147,5
3148,5
3152,4
3161,4
3163,4
3165,7
3174,5
3177,7
3184,4
3188,7
3191,5
3216,7
3219,7
3225,7
3232,7
3235,7
3237,7
3246,4
3261,5
3275,7
3277,7
3287,4
3291,7
3292,7
3293,4
3295,7
3305,3
3306,4
3341,7
3345,4
3348,5
3355,4
3361,5
3363,7
3372,7
3379,5
3380,5
3382,4
3394,7
3404,7
3418,4
3420,4
3436,5
3449,7
3455,7
3457,7
3465,3
3467,5
3472,7
3478,5
3484,7
3493,7
3494,7
3496,7
3502,5
3506,4
3512,5
3515,5
3524,7
3526,4
3542,7
3545,7
3546,7
3548,5
3550,5
3558,7
3560,7
3562,7
3563,4
3568,7
3570,3
3579,3
3584,5
3596,4
3599,7
3609,5
3614,4
3618,5
3621,7
3631,7
3652,4
3655,7
3656,5
3657,4
3672,4
3685,7
3687,4
3690,3
3698,7
3699,7
3704,4
3713,4
3714,5
3728,7
3736,5
3738,7
3742,5
3745,7
3771,7
3777,4
3782,7
3790,7
3799,5
3800,5
3804,4
3821,5
3825,7
3829,5
3835,4
3838,7
3840,7
3847,5
3858,5
3866,7
3870,7
3876,7
3897,5
3900,7
3922,5
3938,5
3948,7
3957,7
3961,5
3965,4
3966,7
3972,7
3978,4
3983,4
3999,7
4001,5
4004,4
4015,7
4021,7
4024,7
4031,7
4032,5
4053,4
4056,5
4057,7
4060,5
4077,4
4083,4
4084,7
4090,7
4098,4
4099,7
4118,5
4120,7
4123,7
4124,4
4126,7
4138,7
4144,7
4149,3
4150,4
4154,4
4157,7
4161,7
4168,7
4172,5
4176,7
4177,7
4181,7
4188,7
4190,4
4192,5
4199,7
4210,5
4211,4
4214,5
4217,4
4221,7
4227,7
4228,4
4236,5
4243,5
4257,5
4273,4
4276,7
4284,5
4285,7
4293,4
4301,4
4308,3
4312,7
4313,7
4329,5
4338,5
4341,7
4360,5
4363,4
4378,5
4383,7
4388,7
4396,4
4416,7
4421,4
4422,4
4428,7
4429,5
4443,7
4444,5
4460,4
4467,5
4483,3
4490,4
4491,7
4492,4
4493,5
4500,7
4506,5
4507,4
4514,7
4536,7
4539,4
4547,7
4558,7
4559,5
4569,3
4574,7
4577,4
4580,5
4585,7
4586,7
4589,7
4594,4
4601,5
4606,5
4610,4
4614,4
4632,7
4637,7
4641,4
4647,7
4649,7
4650,4
4657,7
4674,4
4684,7
4687,5
4693,4
4696,5
4700,5
4706,5
4707,5
4710,7
4721,5
4725,7
4729,5
4737,5
4738,5
4739,4
4746,4
4754,5
4760,5
4772,7
4777,4
4778,5
4780,7
4786,5
4799,5
4802,7
4812,5
4818,5
4831,7
4842,7
4843,4
4848,7
4854,7
4856,7
4857,7
4866,7
4867,7
4868,7
4879,7
4883,5
4884,7
4887,7
4889,5
4913,4
4917,5
4930,7
4932,7
4950,5
4952,4
4960,3
4963,4
4964,7
4965,4
4970,7
4971,7
4981,3
4983,4
4993,4
4998,4
5001,7
5013,7
5020,7
5026,5
5032,7
5033,7
5035,7
5050,4
5057,7
5065,7
5088,7
5096,7
5097,7
5104,7
5122,5
5129,5
5134,7
5142,7
5143,5
5151,4
5152,7
5172,4
5194,5
5204,7
5210,7
5213,5
5226,7
5258,7
5268,4
5288,5
5298,7
5299,5
5337,4
5348,7
5381,4
5393,7
5401,3
5408,7
5423,7
5433,7
5434,5
5439,5
5445,7
5451,3
5454,7
5466,7
5473,5
5487,5
5488,5
5497,7
5500,5
5511,4
5521,5
5524,5
5526,4
5537,7
5544,5
5550,5
5566,5
5579,7
5593,7
5602,4
5636,5
5648,7
5658,5
5666,7
5669,7
5672,5
5681,5
5684,7
5689,5
5691,7
5693,7
5706,5
5723,7
5730,4
5732,5
5738,7
5739,4
5741,7
5742,7
5743,7
5746,5
5747,7
5750,5
5754,7
5762,5
5766,4
5779,7
5782,7
5790,7
5803,7
5808,7
5815,7
5816,5
5820,4
5821,5
5823,4
5828,3
5841,5
5846,7
5853,7
5855,5
5870,7
5871,7
5873,5
5875,7
5901,7
5907,7
5911,7
5912,5
5932,7
5933,7
5939,7
5943,5
5944,7
5962,5
5963,4
5970,7
5993,5
5994,4
5995,4
6006,5
6017,7
6023,5
6025,4
6026,7
6031,5
6041,4
6045,7
6050,7
6051,7
6057,7
6060,7
6062,7
6068,7
6069,7
6075,7
6083,4
6089,7
6101,7
6107,7
6112,4
6114,7
6122,7
6128,5
6130,7
6132,5
6133,4
6150,4
6153,5
6161,7
6173,7
6174,5
6183,7
6184,5
6192,7
6200,7
6206,7
6208,7
6216,7
6222,5
6224,7
6229,7
6233,4
6236,7
6238,5
6250,5
6254,4
6265,5
6269,7
6276,4
6283,4
6289,4
6295,7
6305,4
6310,5
6314,7
6316,3
6319,5
6324,4
6325,4
6328,3
6336,5
6351,7
6369,3
6370,5
6374,7
6376,4
6388,5
6389,7
6398,4
6404,4
6416,7
6418,7
6419,7
6426,7
6428,5
6437,7
6452,4
6460,5
6470,7
6484,5
6486,5
6487,7
6507,7
6511,5
6523,7
6543,7
6544,7
6550,7
6555,4
6569,7
6575,7
6581,7
6585,7
6588,4
6592,7
6597,7
6605,4
6609,7
6618,4
6624,4
6629,7
6631,7
6638,7
6644,4
6650,4
6656,5
6681,4
6690,5
6693,4
6704,3
6710,5
6716,5
6720,7
6721,4
6742,4
6743,7
6769,4
6777,7
6779,7
6781,4
6783,5
6790,7
6798,4
6802,7
6805,4
6807,5
6812,5
6815,7
6824,4
6841,4
6846,7
6850,4
6861,5
6864,5
6870,5
6871,5
6874,4
6878,4
6879,4
6887,3
6892,5
6895,7
6912,7
6913,4
6914,4
6923,7
6926,4
6936,4
6939,7
6949,5
6955,5
6967,7
6988,5
6992,7
6993,4
6997,7
7014,5
7023,4
7035,4
7036,7
7039,3
7045,7
7048,4
7053,4
7068,3
7070,4
7072,7
7079,7
7089,4
7103,7
7107,4
7110,7
7132,7
7145,5
7150,5
7166,4
7170,7
7179,5
7180,7
7181,4
7188,4
7193,5
7204,5
7212,7
7217,5
7223,4
7229,3
7232,7
7235,7
7238,5
7241,7
7245,3
7250,4
7256,4
7258,5
7283,5
7284,7
7289,5
7299,7
7301,5
7302,4
7304,4
7306,3
7311,5
7331,4
7335,7
7340,5
7341,7
7358,7
7362,5
7364,4
7372,5
7386,4
7390,7
7398,4
7417,3
7418,3
7427,5
7440,7
7441,5
7452,7
7453,7
7470,7
7481,4
7493,7
7500,7
7503,7
7516,4
7527,7
7528,5
7532,4
7547,4
7551,7
7555,5
7561,7
7566,7
7570,7
7573,7
7574,5
7579,7
7581,4
7586,5
7608,7
7610,4
7618,4
7620,4
7633,7
7645,7
7664,7
7670,5
7672,7
7677,5
7678,7
7679,7
7691,4
7697,7
7702,5
7703,4
7706,5
7716,5
7719,4
7722,5
7723,7
7724,4
7740,4
7746,3
7750,4
7751,7
7755,7
7764,7
7783,7
7790,5
7791,4
7792,7
7794,4
7797,7
7802,5
7809,5
7820,4
7822,7
7833,4
7838,7
7839,5
7846,4
7852,7
7862,5
7897,7
7900,7
7901,5
7909,5
7923,4
7924,5
7929,7
7933,4
7948,4
7958,7
7964,5
7970,4
7973,7
7979,7
7982,7
7996,4
8000,5
8003,5
8008,4
8011,7
8032,4
8043,4
8048,4
8056,4
8057,5
8069,5
8080,5
8096,5
8104,5
8109,7
8111,5
8113,3
8114,7
8118,4
8122,4
8125,5
8137,5
8139,7
8144,4
8150,4
8152,7
8157,5
8160,4
8166,7
8177,4
8183,7
8192,7
8194,7
8200,5
8201,7
8202,5
8203,7
8213,7
8222,5
8235,4
8238,4
8244,7
8247,7
8249,5
8257,7
8258,5
8261,3
8273,7
8279,7
8300,5
8301,4
8302,5
8305,4
8308,5
8310,7
8318,7
8319,7
8324,4
8345,7
8348,4
8371,4
8373,7
8414,7
8419,5
8421,4
8441,5
8443,7
8452,5
8454,4
8485,4
8487,7
8497,5
8503,5
8507,5
8517,7
8522,7
8535,5
8543,7
8555,4
8558,7
8564,4
8574,7
8589,4
8590,4
8596,4
8602,7
8623,4
8629,7
8632,4
8635,5
8645,7
8647,5
8676,7
8678,7
8681,7
8688,5
8694,7
8696,7
8697,4
8703,7
8704,3
8712,5
8717,4
8720,7
8724,7
8725,4
8727,7
8748,7
8751,5
8760,4
8772,4
8775,7
8776,5
8784,5
8786,4
8788,7
8789,5
8801,5
8810,7
8813,5
8823,5
8824,4
8826,4
8829,7
8832,4
8833,7
8836,5
8839,7
8855,5
8856,4
8869,7
8872,7
8873,5
8885,4
8886,7
8890,7
8901,3
8914,7
8917,5
8919,7
8920,7
8922,7
8923,4
8924,5
8954,5
8962,5
8964,7
8976,7
8981,3
8985,4
8986,5
8999,5
9000,4
9004,4
9006,7
9010,5
9011,5
9013,4
9016,7
9043,7
9046,7
9049,5
9059,7
9069,5
9076,7
9105,5
9107,7
9109,7
9129,3
9131,5
9141,3
9144,5
9149,4
9157,7
9161,5
9170,3
9173,5
9199,7
9215,5
9218,7
9228,7
9231,5
9236,7
9239,4
9244,5
9246,7
9251,7
9252,4
9260,5
9266,7
9268,4
9284,3
9299,7
9301,7
9310,5
9311,4
9324,7
9325,4
9329,5
9330,5
9334,5
9335,7
9340,3
9344,7
9347,7
9348,5
9355,7
9358,4
9363,7
9375,7
9383,7
9388,7
9389,7
9392,5
9398,7
9407,4
9436,5
9446,7
9450,5
9455,7
9466,7
9467,4
9476,4
9481,4
9505,4
9511,5
9513,7
9517,7
9519,5
9521,5
9534,4
9546,5
9567,7
9576,7
9584,7
9596,5
9602,7
9611,5
9616,3
9626,4
9637,5
9639,7
9641,4
9647,7
9682,7
9696,4
9703,5
9710,4
9716,7
9721,7
9727,4
9735,5
9739,5
9748,5
9750,3
9755,4
9760,7
9762,4
9764,7
9775,5
9778,7
9789,7
9794,7
9800,4
9804,7
9808,7
9811,5
9815,7
9828,7
9842,5
9851,7
9881,4
9886,4
9888,5
9911,7
9913,7
9922,7
9923,5
9929,5
9930,5
9932,4
9934,7
9936,7
9956,5
9957,4
9964,4
9972,5
9995,7
9997,5
10008,7
10009,4
10016,7
10018,4
10021,7
10022,4
10023,5
10028,7
10029,3
10035,5
10040,7
10051,7
10083,7
10089,3
10100,7
10107,5
10123,7
10129,7
10131,7
10133,7
10140,5
10157,7
10170,4
10175,7
10177,5
10178,5
10191,7
10194,5
10201,5
10209,5
10210,7
10212,4
10213,4
10218,4
10225,7
10230,7
10241,4
10243,7
10246,5
10250,4
10256,7
10266,7
10270,5
10272,4
10278,7
10279,4
10294,7
10295,7
10297,7
10306,4
10309,7
10310,5
10321,5
10331,5
10336,7
10340,5
10343,4
10346,4
10351,5
10355,7
10358,7
10359,7
10361,4
10364,4
10365,5
10375,5
10382,4
10383,7
10386,3
10390,7
10393,5
10394,7
10397,4
10401,5
10423,5
10425,4
10433,4
10436,7
10446,7
10451,4
10460,5
10465,4
10476,5
10478,7
10479,7
10480,4
10488,5
10489,4
10492,4
10494,4
10496,7
10498,4
10502,5
10509,4
10514,7
10527,7
10533,3
10543,7
10553,5
10555,5
10559,7
10564,7
10572,4
10576,7
10590,5
10600,5
10601,5
10607,4
10619,7
10623,4
10627,4
10646,5
10652,5
10664,4
10678,5
10684,4
10688,7
10693,5
10704,7
10705,5
10711,4
10715,4
10725,7
10733,4
10749,7
10753,5
10765,4
10770,7
10773,7
10791,5
10797,5
10799,7
10801,5
10803,4
10807,7
10809,4
10827,5
10836,7
10852,7
10857,4
10862,7
10866,4
10882,4
10884,5
10894,5
10898,7
10904,4
10905,7
10911,4
10914,7
10916,5
10917,5
10919,5
10922,5
10930,7
10958,5
10965,5
10967,4
10969,5
10970,7
10981,7
10982,7
10989,7
10990,5
10994,7
11007,7
11014,7
11015,7
11032,7
11040,4
11042,7
11043,5
11045,5
11048,7
11057,5
11058,3
11059,5
11069,5
11073,5
11081,7
11086,5
11091,5
11111,7
11116,4
11118,5
11128,7
11130,4
11132,5
11145,5
11163,4
11168,7
11172,7
11181,7
11182,5
11186,4
11195,7
11200,5
11210,4
11213,5
11214,7
11216,7
11221,7
11241,5
11254,5
11261,7
11262,7
11271,5
11281,4
11290,7
11316,7
11319,7
11335,7
11337,4
11341,7
11361,3
11366,4
11367,4
11372,7
11382,4
11391,3
11396,3
11401,7
11413,7
11427,4
11445,7
11454,7
11463,5
11470,5
11474,7
11481,5
11488,5
11501,4
11505,7
11507,4
11515,7
11532,4
11538,7
11543,5
11544,4
11545,5
11555,7
11559,5
11561,7
11564,7
11571,5
11575,4
11580,7
11581,7
11589,4
11594,7
11596,7
11600,7
11610,7
11620,7
11627,7
11638,7
11639,4
11650,7
11651,4
11684,4
11689,7
11702,5
11708,5
11710,5
11711,7
11726,7
11727,4
11730,3
11731,7
11732,7
11734,4
11738,5
11743,4
11756,5
11763,5
11764,4
11796,5
11820,4
11822,7
11825,7
11826,4
11844,5
11845,4
11851,7
11856,4
11858,7
11863,4
11873,5
11876,3
11880,7
11899,4
11918,5
11924,7
11934,7
11938,7
11971,4
11975,3
12000,7
12016,3
12018,7
12022,5
12023,4
12026,7
12027,5
12029,7
12037,7
12048,4
12054,5
12058,7
12070,7
12078,7
12079,3
12081,4
12095,3
12100,5
12109,7
12118,7
12120,5
12137,5
12140,4
12146,5
12151,7
12158,7
12160,3
12164,7
12165,7
12168,5
12172,4
12176,5
12179,7
12186,5
12187,4
12188,5
12191,3
12214,4
12216,5
12231,7
12232,4
12234,5
12239,7
12247,4
12257,5
12263,7
12283,7
12287,4
12291,4
12293,7
12303,5
12310,4
12315,5
12319,5
12327,4
12338,4
12339,3
12346,4
12351,7
12352,5
12356,5
12370,7
12376,7
12383,7
12388,7
12394,7
12399,7
12400,3
12408,4
12411,4
12418,5
12419,4
12422,7
12425,4
12426,5
12437,4
12438,4
12442,7
12447,7
12451,3
12453,5
12455,4
12463,7
12468,7
12476,7
12477,7
12480,4
12484,7
12488,5
12489,5
12491,5
12494,3
12510,7
12519,5
12523,5
12529,7
12531,7
12534,5
12544,7
12550,7
12551,5
12552,7
12566,5
12574,5
12581,7
12593,7
12594,5
12600,7
12614,7
12620,7
12647,4
12652,4
12674,7
12697,7
12700,7
12704,7
12705,4
12708,5
12710,5
12718,7
12719,5
12736,4
12739,3
12740,7
12742,7
12745,7
12751,7
12761,7
12769,5
12784,4
12789,5
12791,7
12794,3
12801,7
12810,5
12822,3
12824,7
12834,7
12855,7
12857,7
12858,3
12865,5
12866,5
12872,4
12878,4
12879,7
12880,7
12882,3
12893,4
12898,7
12913,5
12918,5
12923,7
12943,7
12944,7
12947,5
12955,7
12959,7
12966,4
12974,4
12990,4
12991,5
12993,5
13000,5
13017,7
13041,5
13042,7
13048,4
13051,7
13058,4
13061,4
13063,3
13064,7
13068,7
13071,7
13073,5
13074,5
13076,4
13079,5
13090,7
13110,7
13115,5
13121,7
13133,7
13136,4
13149,5
13156,7
13160,7
13162,7
13163,5
13170,7
13173,7
13174,7
13176,5
13183,4
13191,4
13213,5
13214,7
13224,3
13236,7
13239,5
13249,7
13250,7
13258,5
13264,4
13267,4
13275,5
13276,7
13287,4
13289,5
13301,7
13308,5
13310,7
13321,7
13326,4
13334,4
13346,4
13357,5
13360,7
13363,5
13365,7
13373,7
13383,5
13384,4
13386,7
13393,7
13394,7
13396,7
13401,5
13404,7
13409,7
13415,5
13417,5
13426,5
13436,7
13442,5
13449,7
13452,5
13457,4
13471,5
13475,7
13477,3
13481,7
13492,4
13493,7
13500,4
13503,7
13505,7
13506,5
13513,4
13514,5
13515,5
13523,7
13532,7
13533,4
13534,7
13543,5
13544,5
13546,7
13550,3
13563,5
13572,7
13576,7
13588,7
13593,5
13606,4
13608,5
13612,4
13615,5
13616,5
13618,7
13619,7
13622,5
13624,4
13639,5
13647,5
13655,4
13665,5
13676,7
13696,5
13711,4
13717,7
13730,4
13748,7
13752,5
13753,7
13761,4
13772,4
13790,4
13795,5
13805,5
13810,7
13817,5
13821,4
13823,7
13824,7
13829,7
13833,5
13835,4
13839,4
13861,4
13862,7
13864,4
13868,7
13875,4
13879,7
13880,4
13889,5
13892,7
13895,5
13896,5
13898,7
13900,7
13905,4
13906,4
13919,7
13920,7
13921,5
13941,5
13948,5
13957,7
13962,4
13978,7
13987,7
14007,4
14025,7
14047,7
14059,7
14063,7
14067,7
14070,7
14077,4
14083,7
14084,7
14092,5
14099,4
14102,5
14106,7
14107,4
14121,5
14128,7
14132,7
14134,7
14149,5
14155,4
14156,7
14161,4
14164,4
14170,3
14173,7
14174,7
14177,5
14185,4
14192,5
14193,4
14195,7
14201,5
14206,7
14207,4
14218,4
14236,3
14239,4
14242,4
14244,5
14247,4
14248,5
14255,7
14281,5
14284,7
14317,7
14368,7
14374,7
14376,5
14393,4
14394,4
14395,7
14401,7
14403,5
14409,7
14417,4
14439,4
14448,7
14451,7
14459,7
14464,5
14473,7
14483,7
14490,4
14494,7
14496,7
14506,7
14514,7
14521,4
14528,4
14529,7
14540,5
14558,4
14560,3
14573,7
14593,3
14598,5
14609,5
14617,5
14625,4
14629,5
14631,5
14637,5
14640,7
14642,5
14644,7
14648,4
14651,4
14653,7
14656,5
14669,7
14670,5
14671,7
14675,5
14686,7
14693,7
14710,5
14711,4
14715,7
14723,5
14724,7
14726,7
14729,7
14736,7
14764,7
14769,7
14786,7
14787,5
14789,4
14793,4
14796,4
14803,7
14804,7
14808,7
14815,5
14822,7
14825,4
14827,7
14832,7
14843,7
14853,4
14855,5
14856,5
14857,3
14860,4
14861,7
14867,5
14889,7
14903,5
14910,4
14912,7
14914,5
14918,7
14923,4
14932,4
14933,7
14938,4
14949,7
14951,5
14959,4
14961,7
14967,5
14969,5
14979,7
14981,5
14982,7
14983,4
14984,3
14995,7
15003,4
15004,5
15011,4
15028,7
15038,7
15045,5
15051,5
15052,7
15066,4
15076,5
15079,7
15082,7
15086,4
15097,7
15110,7
15123,7
15124,5
15132,5
15134,7
15141,5
15146,7
15148,5
15149,7
15158,7
15159,5
15167,7
15168,5
15179,7
15188,5
15189,7
15191,4
15208,5
15210,4
15215,7
15217,7
15218,5
15238,7
15239,7
15240,4
15247,4
15248,7
15275,3
15280,7
15301,7
15303,7
15319,7
15336,7
15340,7
15344,4
15352,3
15357,7
15362,4
15363,5
15372,5
15375,5
15393,7
15396,4
15399,7
15403,7
15412,4
15419,7
15427,5
15432,5
15433,4
15435,7
15455,7
15458,5
15460,4
15461,7
15464,5
15472,5
15487,5
15488,7
15491,4
15495,7
15499,5
15501,7
15505,7
15508,5
15509,7
15515,7
15517,7
15523,5
15533,4
15536,5
15538,5
15542,4
15544,7
15550,7
15557,7
15558,7
15564,4
15571,5
15581,7
15586,4
15589,5
15610,7
15612,7
15613,5
15621,4
15638,7
15645,7
15653,7
15654,4
15669,3
15671,5
15684,7
15687,5
15695,5
15700,7
15701,7
15704,5
15708,7
15711,5
15719,7
15739,7
15746,4
15752,4
15765,3
15768,7
15769,4
15775,7
15792,7
15793,7
15794,5
15795,5
15809,7
15815,3
15847,7
15851,7
15856,5
15863,7
15870,5
15872,5
15889,5
15892,5
15893,7
15897,4
15908,4
15912,7
15917,4
15921,7
15922,3
15923,7
15924,4
15927,7
15929,7
15931,7
15946,7
15955,5
15967,5
16000,5
16003,7
16007,7
16013,4
16014,5
16018,5
16038,7
16042,5
16045,5
16071,5
16077,5
16080,4
16089,7
16095,5
16098,7
16103,4
16108,7
16114,5
16116,5
16124,4
16130,3
16137,7
16145,5
16153,7
16162,7
16164,5
16172,7
16184,7
16187,7
16192,5
16197,4
16198,7
16207,4
16220,7
16225,3
16241,4
16246,4
16249,5
16258,7
16263,3
16265,7
16266,7
16267,5
16274,7
16278,5
16279,4
16286,4
16293,4
16295,5
16299,5
16302,4
16316,7
16320,7
16324,5
16334,7
16335,5
16344,4
16346,5
16361,4
16365,4
16368,7
16371,7
16375,5
16376,7
16384,5
16385,5
16386,7
16394,4
16401,7
16404,5
16411,4
16416,7
16425,4
16442,7
16445,4
16448,7
16449,4
16455,4
16468,5
16473,7
16474,7
16503,4
16523,7
16527,3
16528,4
16535,7
16542,7
16548,4
16562,7
16563,7
16577,5
16579,7
16588,3
16591,4
16592,7
16593,5
16607,4
16608,7
16613,7
16626,5
16631,4
16638,7
16643,5
16651,5
16655,4
16665,4
16668,7
16669,5
16681,4
16688,5
16696,7
16704,4
16709,7
16723,7
16725,7
16730,4
16732,7
16735,5
16744,7
16749,7
16764,7
16765,5
16766,4
16769,7
16771,7
16776,5
16790,4
16793,4
16795,4
16808,5
16815,5
16824,4
16827,5
16835,4
16857,5
16858,7
16876,7
16882,7
16883,4
16884,7
16886,7
16896,3
16900,5
16901,5
16907,4
16914,5
16915,3
16926,7
16929,7
16934,4
16935,4
16946,5
16952,5
16953,5
16976,7
16981,7
16984,7
16985,5
16991,7
16996,5
17000,5
17004,5
17012,7
17014,4
17021,4
17030,7
17045,7
17046,5
17049,4
17052,5
17072,7
17094,5
17096,5
17099,7
17100,7
17102,4
17106,4
17110,7
17115,7
17116,4
17121,7
17137,7
17146,5
17148,5
17150,7
17153,7
17159,7
17160,7
17170,4
17174,7
17177,7
17178,4
17179,7
17182,7
17183,4
17207,4
17209,5
17210,7
17230,7
17234,7
17236,5
17246,5
17247,4
17249,7
17253,5
17264,7
17267,7
17272,7
17285,7
17296,5
17304,5
17306,7
17308,5
17309,7
17319,5
17334,7
17339,3
17341,5
17350,5
17367,7
17373,5
17381,7
17387,5
17389,4
17408,5
17414,4
17418,5
17419,4
17431,7
17447,3
17448,4
17452,4
17454,5
17462,4
17469,5
17471,7
17486,7
17510,4
17522,7
17529,5
17535,5
17542,4
17543,5
17561,5
17578,5
17589,5
17592,7
17600,5
17614,4
17617,7
17618,7
17625,5
17636,4
17637,7
17638,5
17642,5
17649,5
17652,5
17661,7
17666,4
17687,5
17699,7
17717,7
17719,7
17735,5
17737,5
17745,5
17764,3
17765,4
17786,7
17789,7
17795,5
17804,7
17807,4
17808,7
17810,5
17812,4
17815,7
17821,7
17836,7
17843,4
17848,4
17852,4
17854,7
17870,4
17873,7
17876,5
17878,7
17881,5
17889,7
17895,4
17896,4
17898,7
17902,7
17910,7
17911,5
17931,5
17937,4
17945,7
17961,4
17966,7
17980,7
17983,7
17988,5
17991,4
17995,7
17996,3
17999,5
18016,5
18020,4
18023,5
18024,5
18026,7
18028,4
18035,4
18036,7
18045,7
18046,7
18057,7
18059,4
18060,5
18062,4
18073,3
18088,4
18092,3
18097,7
18099,7
18101,4
18102,5
18131,5
18138,7
18141,7
18149,5
18155,7
18167,5
18170,3
18181,7
18189,7
18190,7
18195,7
18199,3
18224,4
18239,4
18242,4
18247,5
18254,7
18276,7
18277,4
18280,7
18295,5
18296,7
18304,4
18308,7
18314,5
18315,5
18316,4
18330,5
18340,5
18349,7
18352,7
18356,7
18357,7
18386,4
18388,7
18396,4
18397,5
18401,7
18403,7
18414,4
18417,5
18420,4
18421,5
18423,7
18441,5
18444,5
18450,4
18451,5
18463,4
18468,4
18478,5
18483,7
18493,4
18499,5
18503,4
18505,4
18506,5
18510,5
18547,4
18554,7
18556,7
18557,7
18567,4
18574,7
18578,7
18583,7
18593,4
18606,7
18610,5
18614,5
18617,7
18619,5
18631,7
18652,4
18655,4
18661,4
18664,7
18665,4
18667,3
18693,5
18711,5
18712,3
18716,5
18719,4
18721,7
18727,7
18734,7
18754,7
18757,7
18758,7
18767,5
18781,5
18791,3
18793,4
18794,7
18804,5
18805,4
18807,7
18815,7
18820,7
18824,4
18830,7
18832,7
18836,7
18838,5
18839,5
18848,7
18854,7
18856,5
18864,4
18874,7
18885,4
18887,4
18891,7
18894,4
18916,7
18920,7
18925,7
18930,5
18942,7
18952,7
18953,7
18960,4
18967,4
18970,4
18983,7
19006,5
19009,4
19022,7
19023,7
19033,7
19037,4
19038,5
19046,7
19052,7
19053,3
19054,7
19062,4
19064,5
19065,5
19066,5
19071,7
19072,4
19076,7
19079,7
19081,7
19094,4
19099,7
19116,7
19117,4
19119,7
19124,4
19149,3
19152,7
19161,4
19169,7
19186,5
19194,4
19195,4
19198,7
19199,7
19201,4
19211,5
19222,5
19223,7
19226,4
19242,5
19250,5
19259,5
19262,7
19267,4
19275,7
19276,4
19277,4
19279,4
19282,7
19284,7
19291,4
19313,4
19314,4
19326,4
19334,5
19338,5
19339,5
19340,5
19350,7
19353,5
19360,7
19364,7
19373,4
19379,4
19382,4
19384,4
19397,5
19401,5
19412,5
19429,5
19433,5
19437,7
19438,4
19445,3
19458,4
19464,7
19477,4
19480,4
19485,7
19487,5
19510,5
19512,7
19513,7
19524,7
19527,5
19533,7
19535,7
19541,7
19543,5
19555,7
19565,4
19578,5
19579,5
19584,4
19592,7
19597,4
19600,5
19615,7
19638,5
19645,7
19649,7
19652,7
19654,4
19662,7
19687,7
19708,7
19709,5
19713,7
19734,7
19737,7
19761,3
19769,5
19798,7
19799,4
19805,5
19810,5
19811,5
19815,7
19822,7
19832,4
19833,4
19836,5
19846,5
19859,7
19867,7
19868,7
19874,7
19906,3
19916,4
19922,7
19936,7
19938,4
19941,7
19953,7
19954,7
19958,5
19981,4
19999,7
20007,5
20008,7
20010,7
20011,4
20012,7
20013,4
20018,5
20030,5
20047,7
20053,7
20072,7
20076,4
20090,7
20093,7
20096,5
20102,4
20105,7
20116,7
20124,7
20142,7
20151,5
20154,4
20156,7
20157,7
20159,7
20160,5
20162,7
20181,5
20183,5
20190,7
20193,3
20194,7
20196,7
20198,7
20205,7
20210,5
20214,5
20220,5
20229,7
20236,7
20242,7
20257,7
20267,4
20270,4
20272,7
20276,4
20278,7
20284,4
20287,4
20290,4
20292,3
20297,4
20313,4
20323,5
20344,4
20345,7
20348,5
20361,4
20364,7
20366,4
20373,7
20376,4
20395,5
20397,5
20403,5
20416,5
20425,7
20427,7
20430,4
20432,3
20433,7
20440,5
20441,7
20442,5
20443,5
20444,7
20446,7
20452,7
20459,5
20470,4
20473,4
20476,7
20494,4
20499,5
20500,4
20516,5
20518,7
20521,7
20527,5
20532,7
20536,7
20537,4
20540,7
20542,4
20548,7
20555,7
20561,7
20577,7
20580,4
20583,7
20599,3
20600,5
20615,5
20634,7
20639,7
20653,4
20663,5
20674,5
20679,7
20685,7
20686,4
20688,5
20692,4
20715,7
20716,7
20720,5
20723,5
20725,5
20737,7
20739,4
20741,7
20743,5
20744,7
20761,5
20765,5
20766,5
20767,5
20776,7
20779,3
20790,7
20794,7
20798,5
20800,7
20802,7
20804,5
20807,5
20816,7
20819,3
20838,4
20839,5
20841,4
20844,5
20854,7
20857,7
20859,4
20861,5
20862,5
20868,7
20883,5
20890,7
20899,5
20902,7
20911,5
20921,5
20931,4
20946,7
20953,4
20962,5
20963,7
20969,7
20971,4
20973,5
20977,5
20978,7
20981,7
20994,5
20995,7
21008,4
21010,4
21016,7
21024,7
21040,7
21041,7
21043,7
21044,4
21045,7
21051,3
21058,4
21062,5
21064,5
21068,7
21078,5
21081,7
21082,7
21083,7
21085,7
21097,5
21100,4
21104,7
21127,7
21128,7
21136,3
21145,4
21152,7
21153,5
21155,5
21157,4
21161,7
21170,7
21172,4
21173,5
21175,7
21185,7
21195,7
21201,7
21216,5
21231,7
21238,7
21240,4
21249,4
21250,5
21261,7
21262,7
21266,5
21274,4
21280,4
21290,4
21302,5
21306,4
21309,4
21318,5
21322,7
21330,5
21335,4
21343,7
21358,5
21363,4
21366,4
21375,7
21392,7
21423,5
21440,4
21442,7
21445,5
21446,7
21455,4
21456,7
21458,3
21460,7
21482,5
21492,7
21512,7
21513,7
21525,7
21526,7
21528,7
21531,4
21533,5
21540,7
21557,7
21568,4
21577,7
21579,7
21585,7
21590,5
21592,5
21608,3
21611,7
21612,4
21617,5
21641,7
21682,5
21689,3
21698,7
21715,7
21716,7
21719,3
21723,7
21738,4
21741,7
21743,4
21747,5
21748,5
21753,4
21757,5
21769,5
21771,7
21774,5
21780,5
21783,7
21784,7
21785,7
21806,3
21811,7
21815,7
21841,7
21851,4
21879,5
21894,5
21905,7
21922,7
21927,7
21949,4
21950,7
21974,4
21984,7
21995,4
22002,7
22008,4
22011,5
22021,5
22027,4
22039,5
22041,4
22043,4
22052,5
22053,4
22060,4
22064,4
22067,4
22068,4
22096,7
22098,5
22102,7
22104,7
22110,7
22120,5
22121,5
22126,7
22130,7
22136,7
22138,7
22142,7
22157,5
22173,7
22183,7
22193,7
22194,5
22204,5
22205,7
22208,7
22214,7
22216,7
22219,5
22245,5
22249,3
22250,7
22252,7
22270,7
22282,5
22284,4
22291,7
22297,7
22307,7
22325,4
22339,7
22345,4
22356,5
22371,7
22373,7
22380,7
22391,7
22397,7
22398,5
22402,7
22412,4
22415,4
22417,4
22421,7
22429,5
22442,7
22443,7
22447,7
22454,7
22460,7
22462,5
22469,7
22470,5
22473,4
22483,3
22528,4
22533,4
22543,4
22550,7
22558,4
22560,5
22568,7
22575,5
22585,5
22594,7
22607,5
22645,4
22649,4
22658,7
22668,5
22691,5
22693,4
22701,7
22706,4
22714,7
22722,7
22726,4
22729,7
22733,7
22735,7
22737,4
22743,5
22752,7
22759,5
22768,7
22772,5
22779,7
22784,7
22785,4
22792,7
22796,4
22799,5
22810,3
22811,4
22829,4
22840,7
22841,5
22851,7
22853,5
22860,5
22865,5
22875,7
22886,7
22895,7
22900,5
22906,7
22918,7
22925,4
22930,4
22938,5
22948,4
22953,5
22962,7
22976,7
22980,7
22999,7
23001,5
23005,3
23010,4
23021,3
23029,7
23034,4
23044,4
23051,4
23056,7
23058,7
23063,4
23065,5
23069,5
23071,7
23075,4
23084,7
23089,7
23092,4
23096,5
23102,4
23103,7
23116,5
23145,7
23157,5
23181,7
23195,7
23203,4
23215,7
23220,5
23228,3
23231,7
23232,5
23237,4
23242,7
23265,5
23269,7
23271,4
23281,7
23290,4
23302,4
23312,4
23314,4
23321,4
23322,5
23337,7
23339,7
23344,4
23345,7
23348,4
23350,7
23352,3
23355,5
23359,4
23367,7
23377,7
23380,7
23384,7
23385,7
23396,4
23398,7
23399,5
23400,4
23401,4
23407,5
23418,7
23435,4
23458,5
23459,7
23464,5
23466,7
23470,5
23484,4
23492,5
23493,5
23499,5
23511,5
23518,7
23519,7
23521,7
23530,7
23541,5
23542,4
23544,7
23546,7
23550,7
23553,7
23568,7
23569,5
23575,7
23576,7
23599,5
23602,5
23613,7
23615,5
23618,5
23619,4
23625,5
23626,4
23627,7
23637,7
23638,7
23657,7
23661,5
23668,7
23670,5
23673,4
23674,4
23676,7
23686,4
23689,7
23691,5
23713,4
23725,5
23727,3
23733,4
23734,4
23735,7
23742,7
23748,7
23764,4
23766,7
23776,5
23777,4
23782,4
23792,5
23793,7
23801,7
23802,4
23810,7
23812,7
23823,7
23825,7
23835,7
23846,4
23854,4
23857,5
23870,7
23883,7
23894,7
23902,5
23908,7
23918,7
23949,4
23956,4
23958,4
23960,7
23966,7
23975,5
23977,7
23978,7
23981,4
23994,5
23995,5
23997,7
23999,7
24001,5
24002,3
24004,7
24015,7
24016,5
24037,7
24046,5
24049,7
24059,7
24069,7
24087,4
24093,7
24095,7
24110,7
24113,7
24119,7
24130,7
24135,7
24136,5
24140,5
24141,5
24144,5
24162,7
24163,4
24176,7
24185,4
24188,7
24201,7
24210,4
24211,7
24218,4
24228,7
24230,7
24232,4
24235,7
24238,7
24244,4
24260,7
24266,7
24281,5
24292,5
24301,5
24304,7
24308,5
24313,7
24326,3
24327,4
24339,7
24341,7
24349,7
24351,4
24363,5
24365,7
24367,5
24371,7
24376,5
24381,7
24382,7
24393,7
24398,5
24410,7
24428,4
24459,4
24465,7
24480,5
24481,7
24492,7
24498,7
24499,7
24501,7
24509,7
24514,5
24537,5
24539,7
24545,5
24546,5
24551,4
24552,7
24555,7
24557,5
24558,4
24565,7
24569,7
24579,7
24588,7
24597,7
24608,7
24616,7
24632,4
24646,7
24649,5
24658,5
24667,7
24671,7
24674,3
24676,5
24684,4
24688,7
24691,4
24692,5
24694,4
24695,7
24701,7
24724,7
24727,7
24743,7
24745,7
24759,5
24784,5
24790,7
24792,5
24798,4
24809,7
24811,7
24818,5
24819,7
24833,7
24843,4
24848,7
24852,5
24854,5
24865,7
24868,7
24878,7
24891,5
24892,7
24924,7
24936,5
24947,7
24955,3
24957,4
24960,7
24972,7
24979,7
24984,7
24985,5
24986,7
24991,7
25000,5
25001,4
25004,7
25009,4
25011,5
25014,7
25016,4
25020,5
25025,4
25026,7
25027,4
25032,4
25035,5
25056,7
25061,7
25068,3
25076,4
25112,7
25121,4
25133,5
25134,7
25143,5
25147,4
25162,4
25164,4
25173,4
25181,5
25186,7
25192,7
25213,5
25230,4
25241,7
25245,4
25248,5
25253,7
25272,4
25274,4
25275,5
25284,7
25289,4
25305,4
25308,7
25313,4
25317,4
25326,7
25332,4
25339,5
25342,5
25345,5
25346,5
25357,5
25359,4
25362,5
25364,5
25365,7
25377,7
25381,5
25383,3
25384,5
25386,5
25387,5
25390,7
25394,4
25400,4
25408,7
25410,7
25414,4
25421,5
25425,7
25434,7
25452,4
25456,4
25473,7
25476,7
25479,7
25480,5
25482,7
25484,5
25487,7
25488,7
25492,5
25495,7
25497,5
25499,7
25511,5
25524,7
25539,4
25544,3
25557,4
25569,5
25582,7
25590,4
25594,7
25599,4
25604,5
25605,7
25612,7
25617,7
25622,4
25623,5
25629,4
25630,5
25634,7
25638,7
25650,7
25668,7
25669,5
25679,7
25701,5
25708,7
25716,5
25721,5
25730,7
25745,3
25750,3
25753,7
25758,7
25763,5
25778,4
25779,7
25780,7
25788,7
25795,7
25796,7
25799,5
25813,3
25816,5
25819,5
25821,4
25829,5
25830,7
25833,4
25834,7
25837,7
25839,4
25850,7
25868,4
25875,7
25880,7
25881,7
25891,7
25896,4
25898,4
25908,5
25909,5
25912,7
25917,4
25927,7
25935,4
25937,7
25942,4
25952,5
25954,3
25958,7
25966,4
25975,7
25983,7
25989,4
25995,7
25998,7
26006,5
26007,4
26008,7
26012,7
26022,7
26029,5
26045,7
26051,4
26055,5
26064,7
26071,7
26075,4
26088,4
26089,7
26092,4
26093,7
26100,5
26103,7
26109,4
26110,7
26111,7
26112,7
26122,5
26130,5
26132,7
26139,4
26147,7
26157,4
26161,5
26202,7
26215,7
26234,7
26238,4
26244,7
26254,5
26262,4
26279,5
26282,5
26290,5
26305,5
26308,7
26355,4
26357,4
26358,4
26366,3
26368,7
26370,4
26378,7
26379,7
26380,7
26383,7
26384,3
26386,7
26393,7
26401,7
26402,4
26408,5
26410,5
26412,3
26418,7
26429,7
26431,5
26432,7
26443,7
26446,4
26453,3
26463,7
26466,7
26468,5
26470,5
26471,7
26486,7
26505,7
26510,5
26513,5
26523,4
26526,7
26530,7
26558,7
26566,4
26571,5
26573,4
26576,7
26577,7
26585,7
26587,7
26591,7
26592,5
26602,5
26607,5
26610,5
26612,5
26614,3
26620,7
26625,7
26638,7
26641,7
26652,7
26657,5
26659,7
26661,4
26671,7
26676,4
26683,5
26697,7
26703,7
26704,4
26721,7
26741,5
26746,7
26752,5
26754,5
26755,5
26762,7
26807,5
26810,5
26812,7
26819,7
26825,7
26826,4
26831,4
26834,5
26851,4
26858,5
26862,4
26871,7
26872,7
26874,4
26875,7
26889,7
26892,4
26898,5
26902,4
26905,5
26914,7
26935,3
26945,4
26972,4
26979,7
26993,5
26994,7
26997,5
26999,7
27001,5
27002,7
27011,4
27013,4
27023,7
27028,4
27047,4
27050,5
27055,5
27094,5
27106,7
27120,5
27123,7
27129,4
27134,3
27138,7
27140,3
27143,3
27153,7
27159,5
27171,7
27177,5
27179,4
27184,5
27189,7
27190,5
27193,7
27194,7
27201,7
27226,5
27230,5
27251,7
27253,4
27254,5
27267,7
27268,5
27271,4
27274,5
27285,4
27287,7
27296,4
27304,4
27316,5
27317,7
27320,7
27321,7
27326,4
27339,5
27342,7
27354,4
27382,7
27390,4
27401,4
27403,5
27412,7
27419,7
27423,4
27425,7
27427,7
27429,4
27437,5
27455,4
27457,7
27460,7
27461,4
27470,3
27473,5
27474,5
27481,5
27486,7
27488,5
27491,7
27505,4
27513,7
27514,5
27516,5
27521,5
27522,5
27530,5
27531,7
27532,5
27545,4
27549,5
27550,7
27556,7
27564,7
27569,5
27579,3
27581,7
27590,7
27601,4
27611,7
27614,5
27650,4
27658,7
27675,7
27679,7
27695,4
27697,3
27699,4
27700,7
27709,7
27722,7
27731,5
27741,4
27743,5
27744,7
27747,5
27749,7
27758,7
27769,7
27790,5
27794,7
27797,4
27805,7
27819,7
27822,5
27825,7
27830,4
27831,5
27865,4
27868,5
27883,7
27896,4
27898,5
27903,4
27905,5
27916,5
27917,5
27957,7
27964,5
27975,5
27995,7
27998,7
28002,4
28013,4
28019,4
28026,7
28048,5
28060,7
28067,4
28068,7
28074,5
28088,7
28106,7
28110,5
28115,4
28116,7
28118,7
28139,4
28142,7
28148,4
28149,7
28156,4
28167,5
28179,5
28180,5
28196,5
28199,5
28205,4
28219,7
28228,7
28234,7
28235,7
28238,5
28240,7
28241,7
28245,7
28248,7
28261,4
28263,7
28278,7
28283,7
28292,7
28296,4
28307,7
28312,7
28320,7
28326,4
28327,7
28335,5
28336,7
28338,7
28340,4
28349,5
28371,7
28374,7
28379,7
28382,4
28383,7
28385,5
28387,5
28395,4
28406,4
28407,7
28409,7
28413,5
28422,7
28441,5
28446,7
28447,5
28452,5
28460,5
28461,7
28463,5
28467,5
28469,7
28473,3
28476,7
28487,4
28489,5
28495,4
28500,4
28504,7
28515,5
28523,4
28524,5
28530,7
28536,7
28543,7
28547,7
28557,5
28562,7
28565,4
28578,5
28580,7
28583,4
28584,5
28588,7
28590,5
28593,5
28608,4
28610,5
28612,5
28621,5
28627,4
28630,7
28639,7
28645,7
28649,4
28655,7
28662,4
28664,5
28668,7
28670,5
28675,4
28679,7
28684,4
28690,5
28691,4
28693,5
28698,7
28699,7
28708,7
28710,4
28711,3
28712,7
28713,4
28722,4
28727,5
28738,5
28749,7
28764,7
28773,5
28776,5
28781,5
28788,7
28789,3
28795,7
28803,4
28811,5
28814,5
28819,4
28850,7
28851,7
28854,7
28862,7
28863,4
28865,4
28869,7
28882,7
28890,5
28893,7
28899,5
28912,7
28915,4
28920,7
28959,5
28962,4
28969,4
28971,5
28973,7
28976,5
28982,3
28984,4
28986,5
28988,7
29000,5
29023,7
29027,7
29029,7
29035,4
29037,5
29044,5
29048,7
29050,5
29078,7
29092,7
29112,5
29115,7
29120,5
29129,7
29130,7
29132,5
29135,7
29139,7
29150,5
29154,4
29162,5
29172,7
29184,7
29200,5
29204,7
29213,5
29230,7
29237,5
29239,4
29240,7
29260,5
29273,7
29279,5
29284,4
29292,5
29296,4
29302,3
29303,4
29305,5
29307,4
29308,5
29309,7
29313,4
29317,5
29318,5
29320,7
29333,7
29337,5
29338,4
29350,4
29358,4
29362,7
29373,4
29393,4
29409,4
29418,5
29420,7
29436,4
29447,4
29454,5
29460,4
29464,7
29467,5
29468,5
29469,5
29470,7
29493,7
29513,7
29515,7
29516,7
29518,7
29526,4
29536,5
29545,5
29562,4
29573,7
29575,4
29576,4
29583,7
29592,3
29595,7
29596,5
29600,5
29633,4
29648,7
29662,4
29663,5
29666,5
29683,7
29694,5
29709,5
29719,7
29721,7
29722,7
29730,4
29734,5
29745,7
29751,7
29754,7
29756,5
29759,4
29766,5
29785,4
29786,4
29788,7
29812,5
29827,7
29831,4
29836,5
29842,7
29845,5
29847,7
29855,5
29856,4
29871,4
29873,7
29883,4
29911,5
29921,7
29922,5
29931,5
29944,7
29958,7
29964,7
29973,7
29976,4
29978,4
29992,7
29994,4
29997,7
29998,7
30012,4
30020,3
30031,7
30039,4
30046,4
30056,7
30074,4
30080,5
30089,7
30091,7
30099,4
30114,7
30115,7
30130,7
30131,5
30149,7
30156,4
30160,7
30166,7
30172,4
30174,5
30199,4
30201,7
30208,5
30215,7
30216,4
30218,5
30232,5
30235,4
30245,5
30246,5
30249,7
30253,4
30257,4
30266,5
30276,7
30282,4
30289,5
30293,5
30312,5
30324,3
30331,4
30334,7
30341,7
30342,4
30363,7
30364,7
30367,5
30373,5
30374,4
30382,4
30392,7
30397,7
30402,5
30426,7
30434,4
30438,5
30439,7
30440,5
30459,4
30461,4
30462,4
30470,5
30476,7
30478,4
30479,4
30480,4
30484,4
30488,7
30507,7
30510,7
30521,7
30523,7
30524,7
30525,7
30527,4
30530,7
30532,7
30538,5
30539,5
30544,4
30549,7
30551,7
30571,7
30575,5
30576,5
30577,7
30583,4
30589,4
30590,7
30594,4
30600,3
30607,5
30619,7
30623,4
30628,7
30638,7
30652,7
30669,3
30677,7
30690,7
30693,7
30713,7
30714,7
30717,7
30728,5
30733,7
30747,5
30749,3
30756,7
30757,4
30767,7
30776,7
30777,5
30780,4
30781,7
30795,7
30814,4
30826,4
30839,7
30841,7
30844,3
30853,7
30854,7
30857,7
30860,7
30865,7
30872,7
30873,5
30876,7
30897,5
30898,4
30905,4
30908,7
30910,4
30915,7
30923,7
30927,7
30928,7
30930,7
30955,5
30969,4
30977,5
30978,5
30980,7
30995,4
30996,4
31002,5
31005,5
31011,5
31019,7
31026,5
31027,7
31032,7
31061,7
31063,3
31074,7
31084,5
31087,4
31101,7
31102,5
31107,4
31115,5
31116,5
31123,7
31129,4
31130,5
31133,5
31134,5
31136,7
31146,7
31150,5
31165,5
31175,7
31181,4
31191,5
31196,5
31197,5
31203,4
31204,4
31206,4
31216,7
31220,4
31229,7
31241,7
31242,7
31248,7
31259,7
31265,7
31269,7
31299,5
31312,7
31329,7
31332,5
31333,7
31334,7
31353,7
31360,7
31364,7
31378,5
31391,7
31392,4
31397,7
31401,3
31403,4
31406,3
31409,5
31417,5
31423,5
31432,7
31436,5
31439,4
31449,7
31459,7
31466,7
31472,5
31476,7
31480,5
31489,5
31514,7
31515,7
31516,5
31519,7
31522,7
31525,7
31527,4
31536,7
31545,7
31548,3
31575,5
31587,5
31588,5
31590,7
31600,4
31604,3
31618,7
31619,7
31621,7
31623,4
31641,5
31645,5
31654,3
31663,4
31668,4
31676,5
31679,7
31685,7
31705,7
31710,7
31718,7
31734,5
31740,7
31741,7
31750,7
31752,7
31760,7
31761,4
31762,7
31765,7
31776,4
31785,5
31787,4
31795,7
31802,7
31808,5
31822,7
31827,7
31828,5
31839,7
31842,7
31846,7
31855,7
31856,7
31857,7
31862,7
31867,5
31869,3
31874,4
31886,7
31889,5
31891,7
31901,7
31907,5
31913,5
31918,3
31924,5
31926,4
31948,5
31949,5
31950,7
31951,7
31954,7
31955,4
31956,5
31960,5
31967,5
31971,7
31972,7
31974,7
31976,5
31989,7
31995,7
31997,4
31998,7
32007,7
32022,3
32028,5
32032,3
32041,7
32049,3
32050,7
32061,5
32064,7
32070,7
32072,7
32087,4
32088,4
32103,7
32127,5
32132,7
32136,7
32154,5
32160,4
32177,5
32186,7
32187,4
32189,3
32192,7
32193,7
32195,7
32203,5
32212,7
32213,5
32220,7
32230,4
32234,4
32240,5
32258,7
32263,7
32266,4
32268,4
32277,3
32281,4
32282,4
32284,5
32287,7
32290,5
32295,7
32299,7
32302,4
32310,4
32312,7
32314,7
32316,4
32326,7
32336,7
32344,4
32349,4
32359,4
32375,5
32392,4
32394,7
32399,7
32406,7
32411,4
32414,7
32416,7
32417,7
32444,7
32452,4
32454,7
32461,7
32466,7
32473,7
32485,4
32499,5
32500,5
32501,4
32502,4
32503,4
32504,7
32524,7
32527,4
32534,5
32535,7
32537,5
32544,4
32549,5
32555,4
32558,4
32560,4
32569,5
32572,5
32577,7
32580,4
32585,7
32599,7
32604,5
32618,7
32632,7
32641,5
32645,7
32648,7
32658,7
32659,7
32662,5
32669,3
32671,5
32679,4
32682,3
32691,4
32695,4
32698,7
32708,4
32730,5
32733,4
32736,4
32738,7
32746,7
32755,5
32756,7
32757,7
32768,4
32788,7
32791,7
32799,7
32800,5
32803,7
32806,7
32810,7
32816,5
32818,4
32823,7
32826,5
32835,7
32836,7
32854,7
32866,5
32873,7
32885,3
32891,5
32897,5
32903,5
32907,7
32927,7
32928,5
32934,3
32935,7
32952,4
32954,7
32956,5
32963,5
32969,7
32971,4
32976,5
32979,7
32984,7
32998,5
33003,4
33005,7
33009,7
33015,4
33016,7
33025,7
33026,5
33033,7
33037,4
33052,5
33061,7
33078,7
33080,4
33086,4
33092,5
33093,5
33099,7
33102,7
33108,5
33109,5
33110,5
33124,4
33126,3
33128,7
33130,4
33133,4
33138,5
33144,7
33145,7
33146,7
33155,7
33176,4
33177,7
33178,4
33193,7
33205,4
33215,4
33226,7
33237,5
33238,7
33257,5
33264,5
33266,5
33274,7
33280,7
33283,7
33297,5
33313,5
33318,7
33327,7
33329,4
33332,7
33334,7
33346,5
33361,4
33375,7
33384,4
33388,7
33396,7
33399,4
33410,7
33415,7
33418,7
33422,7
33424,4
33427,4
33428,4
33432,3
33443,7
33446,7
33449,5
33450,5
33453,5
33466,5
33471,7
33478,4
33485,4
33490,7
33496,5
33499,5
33513,7
33515,7
33521,4
33532,5
33533,4
33539,5
33547,4
33548,7
33553,7
33562,5
33565,4
33597,7
33598,7
33599,7
33601,3
33610,5
33614,4
33616,5
33626,7
33627,4
33628,7
33631,4
33634,5
33636,4
33641,7
33651,7
33652,7
33653,3
33669,4
33676,5
33688,4
33693,4
33694,5
33695,7
33700,7
33711,7
33712,7
33713,7
33721,5
33723,4
33734,4
33740,4
33743,5
33744,5
33748,4
33750,7
33772,7
33775,7
33778,5
33790,5
33796,4
33800,5
33810,5
33819,7
33820,7
33822,7
33828,5
33845,7
33846,7
33855,7
33879,7
33884,4
33895,5
33898,4
33900,4
33901,7
33909,5
33923,4
33932,5
33933,5
33934,5
33948,3
33972,3
33979,4
33988,7
33990,4
33995,5
33998,7
34005,7
34006,7
34010,4
34022,4
34028,4
34029,7
34033,5
34046,7
34052,4
34056,7
34062,7
34084,4
34097,7
34098,4
34105,7
34107,7
34117,5
34123,5
34140,7
34145,4
34155,4
34164,7
34168,5
34170,4
34180,4
34182,5
34184,4
34202,3
34213,7
34215,7
34217,5
34218,7
34230,5
34236,4
34240,7
34245,4
34247,4
34257,7
34269,7
34271,7
34274,7
34276,7
34277,5
34278,7
34285,5
34292,7
34304,4
34310,5
34323,4
34324,4
34346,7
34347,5
34375,7
34377,7
34387,5
34395,7
34398,5
34400,7
34406,7
34413,7
34417,5
34419,7
34428,4
34430,4
34434,5
34440,7
34447,4
34454,7
34458,4
34461,5
34466,4
34488,5
34498,4
34510,4
34515,4
34521,4
34551,7
34554,7
34557,5
34567,5
34568,7
34570,4
34572,4
34574,4
34580,5
34586,5
34587,7
34588,4
34608,7
34615,7
34618,4
34646,5
34648,7
34660,7
34662,7
34664,5
34669,4
34670,5
34678,4
34681,4
34682,5
34688,4
34689,4
34694,7
34696,4
34698,5
34699,5
34700,5
34701,7
34705,4
34706,5
34708,7
34713,3
34724,5
34728,5
34732,7
34739,4
34740,5
34744,7
34748,7
34760,5
34762,5
34770,5
34775,4
34776,7
34778,7
34781,5
34786,7
34798,5
34831,4
34839,4
34842,7
34855,5
34861,4
34863,4
34867,5
34901,4
34920,4
34932,7
34945,7
34946,5
34948,7
34951,5
34963,5
34966,7
34974,4
34977,7
34985,3
34987,7
34999,7
35004,7
35015,4
35019,4
35041,7
35047,4
35055,7
35070,7
35084,5
35088,4
35100,7
35119,7
35128,5
35130,7
35132,5
35138,7
35147,5
35151,7
35184,7
35196,4
35204,5
35212,7
35225,4
35232,7
35234,4
35243,7
35249,7
35252,7
35266,7
35270,4
35276,7
35280,7
35283,5
35285,5
35303,3
35304,7
35305,4
35307,5
35319,7
35320,7
35322,5
35323,7
35341,5
35355,5
35358,5
35371,7
35372,3
35379,7
35381,5
35382,4
35389,7
35392,4
35399,7
35400,4
35416,7
35425,7
35431,7
35451,3
35455,3
35456,4
35459,4
35466,5
35479,3
35490,4
35495,7
35496,7
35497,3
35502,5
35505,7
35515,5
35524,5
35525,4
35528,7
35529,3
35530,5
35535,4
35537,7
35545,4
35552,7
35568,5
35587,5
35606,5
35610,3
35617,5
35618,5
35624,7
35640,7
35641,5
35643,5
35646,4
35648,5
35651,4
35653,4
35655,5
35667,5
35671,5
35675,4
35679,4
35684,7
35700,7
35713,5
35729,7
35734,4
35737,4
35739,4
35748,5
35769,3
35784,5
35786,7
35791,4
35793,5
35804,7
35808,7
35829,7
35838,5
35842,7
35866,7
35870,4
35879,5
35912,7
35914,4
35915,7
35916,5
35920,4
35921,4
35924,7
35935,7
35944,5
35945,7
35946,4
35953,4
35956,5
35962,5
35964,5
35977,4
35979,5
35981,7
35991,5
35993,5
36010,4
36027,7
36037,4
36045,4
36052,7
36076,7
36083,5
36086,3
36090,5
36096,7
36098,5
36101,5
36103,4
36106,7
36113,5
36115,5
36134,5
36146,5
36148,7
36153,7
36163,5
36167,4
36177,7
36181,4
36194,7
36195,5
36226,7
36232,4
36239,7
36247,4
36249,7
36250,7
36252,7
36259,4
36262,7
36268,4
36274,4
36286,4
36289,7
36290,5
36314,7
36315,7
36325,4
36326,7
36331,5
36334,4
36345,7
36355,5
36362,7
36368,7
36380,7
36384,4
36393,5
36394,4
36395,5
36396,4
36402,7
36414,7
36416,7
36427,5
36430,7
36435,5
36443,5
36444,5
36456,7
36460,4
36462,4
36473,5
36478,4
36480,7
36482,4
36486,4
36488,4
36494,5
36497,5
36503,5
36512,5
36513,4
36519,5
36526,7
36528,4
36538,7
36544,5
36554,5
36559,7
36561,4
36571,7
36576,7
36579,4
36587,7
36596,5
36605,5
36614,7
36615,4
36617,7
36627,7
36628,7
36637,7
36641,4
36645,4
36658,4
36661,5
36662,4
36663,4
36664,4
36665,4
36676,4
36677,4
36678,5
36711,5
36715,5
36718,7
36723,3
36733,4
36734,7
36742,7
36744,5
36746,7
36760,4
36768,4
36778,7
36787,7
36793,7
36794,5
36804,4
36818,5
36836,3
36838,7
36846,5
36855,4
36876,4
36877,5
36878,7
36879,4
36892,7
36901,7
36905,4
36910,7
36911,7
36915,5
36919,7
36920,4
36930,5
36939,4
36957,4
36963,5
36967,3
36971,4
36972,7
36980,3
36983,5
36985,4
36989,7
36991,7
36994,4
36999,4
37006,7
37007,7
37028,5
37033,4
37037,5
37042,5
37044,4
37051,7
37060,7
37063,7
37069,7
37074,7
37075,7
37076,4
37088,4
37092,5
37098,7
37106,5
37107,7
37110,7
37123,5
37146,7
37150,7
37152,7
37153,3
37172,7
37176,5
37177,4
37180,5
37183,7
37184,3
37193,7
37201,5
37220,5
37223,7
37227,4
37231,4
37236,7
37244,7
37245,5
37246,7
37255,7
37256,7
37263,7
37296,3
37307,5
37308,4
37331,7
37335,5
37338,7
37346,3
37351,4
37352,5
37362,5
37370,5
37372,4
37375,5
37380,7
37383,5
37388,5
37390,4
37391,7
37398,7
37402,7
37405,4
37406,5
37408,4
37409,5
37411,3
37418,5
37431,7
37435,4
37446,5
37451,7
37452,4
37456,5
37465,5
37467,5
37471,4
37475,5
37495,7
37496,7
37498,4
37502,5
37505,3
37508,5
37511,7
37512,7
37524,4
37547,5
37560,7
37571,5
37572,7
37574,7
37584,7
37586,5
37593,7
37604,5
37608,5
37622,7
37628,7
37630,7
37632,7
37638,4
37645,4
37650,5
37656,3
37657,7
37660,4
37661,7
37683,7
37686,4
37705,7
37709,4
37710,4
37716,4
37718,7
37725,3
37732,7
37734,7
37737,3
37741,7
37743,5
37745,5
37753,4
37765,7
37767,7
37774,4
37776,3
37781,5
37784,7
37785,4
37786,7
37792,7
37795,4
37798,7
37806,5
37807,7
37814,7
37820,7
37828,4
37835,4
37837,4
37860,7
37862,7
37870,7
37871,4
37875,7
37876,7
37890,7
37894,4
37904,7
37907,5
37914,7
37917,5
37918,4
37919,5
37921,7
37926,4
37930,4
37937,5
37940,7
37942,5
37943,4
37948,4
37950,5
37953,5
37954,7
37963,5
37974,3
37977,4
37978,4
37979,5
37983,7
37984,7
37989,5
38004,5
38009,4
38030,7
38059,7
38063,5
38064,7
38070,7
38072,4
38078,5
38085,7
38091,4
38107,5
38110,7
38111,4
38125,7
38142,7
38147,5
38158,4
38159,7
38176,7
38181,5
38186,7
38211,4
38216,4
38219,5
38224,5
38225,4
38227,7
38233,5
38235,3
38246,7
38249,5
38250,7
38265,7
38293,5
38303,7
38310,7
38311,4
38312,4
38322,7
38323,4
38325,3
38332,4
38350,4
38367,4
38372,7
38374,4
38378,4
38380,5
38385,5
38389,4
38390,3
38413,7
38414,7
38420,7
38422,7
38423,3
38426,7
38437,7
38440,4
38441,4
38442,7
38445,7
38447,5
38453,7
38468,7
38469,7
38479,7
38488,5
38493,7
38496,4
38545,7
38552,5
38571,4
38580,7
38585,7
38591,5
38592,7
38606,7
38607,5
38612,5
38618,4
38624,4
38628,5
38643,4
38669,5
38672,5
38690,5
38711,3
38716,5
38718,4
38729,7
38739,7
38752,7
38755,5
38772,4
38782,7
38786,7
38789,7
38791,7
38797,5
38798,5
38812,5
38824,4
38825,5
38837,4
38841,7
38843,7
38846,5
38849,3
38858,4
38861,7
38862,5
38870,5
38876,4
38879,7
38891,5
38897,4
38899,7
38900,4
38902,4
38908,5
38911,4
38912,5
38933,5
38940,7
38947,3
38957,7
38962,7
38973,7
38980,4
38992,5
38994,7
38996,7
38999,4
39000,7
39004,7
39009,7
39024,4
39026,5
39032,7
39039,4
39046,3
39048,4
39052,3
39069,5
39083,4
39094,7
39103,7
39110,7
39118,5
39120,7
39121,7
39124,3
39126,5
39134,5
39137,4
39141,4
39144,4
39145,7
39147,7
39162,7
39165,7
39167,7
39170,7
39196,5
39199,5
39203,4
39210,7
39212,7
39219,5
39226,7
39238,7
39251,7
39253,7
39258,3
39260,7
39263,7
39264,5
39270,5
39271,7
39280,5
39294,5
39314,4
39321,5
39323,7
39328,7
39335,7
39341,4
39350,4
39356,7
39374,5
39380,5
39385,4
39386,4
39388,7
39391,7
39401,4
39404,4
39413,4
39423,5
39434,7
39440,7
39443,5
39446,5
39447,5
39451,5
39455,5
39457,7
39462,7
39468,5
39484,5
39490,5
39493,7
39500,7
39511,7
39530,3
39553,5
39574,4
39578,7
39591,7
39598,5
39604,7
39606,4
39608,5
39611,7
39613,7
39616,5
39625,4
39631,5
39640,7
39646,5
39656,5
39658,5
39672,5
39680,7
39687,5
39694,5
39701,4
39706,7
39734,5
39736,7
39762,4
39779,5
39782,3
39793,7
39795,7
39807,5
39809,7
39810,7
39813,4
39819,4
39823,4
39838,4
39839,4
39841,7
39844,7
39850,7
39858,5
39861,7
39885,7
39902,4
39905,5
39909,7
39917,7
39919,7
39921,7
39925,7
39932,5
39940,7
39941,7
39945,7
39953,5
39954,5
39957,5
39963,5
39965,7
39970,7
39973,4
39979,7
39981,5
39982,4
40003,5
40006,5
40009,5
40019,4
40023,4
40024,4
40027,4
40033,5
40037,4
40038,5
40045,4
40047,5
40049,5
40051,5
40058,5
40064,7
40068,7
40070,5
40072,5
40076,4
40079,7
40082,4
40086,7
40094,7
40121,5
40135,7
40145,5
40147,5
40153,4
40172,7
40188,5
40189,4
40196,4
40202,5
40204,4
40207,7
40214,4
40223,4
40231,5
40235,5
40236,7
40238,7
40243,5
40256,7
40259,5
40264,5
40265,5
40266,5
40277,5
40281,5
40284,7
40287,7
40290,4
40302,3
40303,7
40304,7
40305,5
40315,4
40318,7
40340,5
40342,7
40347,7
40360,4
40369,4
40385,5
40394,7
40403,4
40412,7
40416,7
40419,7
40421,7
40425,4
40436,7
40444,5
40452,7
40455,7
40462,5
40473,4
40475,5
40481,4
40490,4
40497,7
40503,7
40510,5
40517,7
40521,7
40522,4
40524,7
40530,5
40549,4
40550,5
40558,7
40580,7
40581,7
40587,5
40588,7
40606,5
40608,4
40609,7
40611,7
40627,7
40645,4
40647,5
40648,7
40650,7
40653,3
40655,4
40657,7
40670,3
40679,4
40699,7
40710,7
40711,4
40714,7
40721,4
40725,5
40729,7
40730,7
40734,5
40736,7
40739,5
40741,7
40751,7
40759,4
40761,4
40764,5
40770,5
40794,7
40798,5
40799,5
40824,7
40827,7
40832,7
40853,5
40856,7
40874,5
40875,7
40880,5
40885,7
40889,7
40890,4
40891,7
40892,4
40895,4
40910,4
40912,4
40916,5
40926,5
40927,5
40940,5
40945,3
40953,5
40972,7
40981,7
40984,7
40985,7
40987,7
40997,7
40998,4
40999,5
41002,7
41005,4
41013,5
41014,7
41016,7
41024,7
41041,7
41043,7
41047,7
41050,7
41051,7
41054,5
41059,3
41063,5
41074,7
41081,7
41083,5
41090,5
41092,7
41096,7
41107,5
41111,7
41117,7
41125,4
41130,7
41133,5
41134,7
41148,5
41158,5
41171,7
41176,5
41177,7
41199,4
41200,4
41210,4
41211,7
41221,7
41223,4
41227,7
41231,4
41239,4
41245,4
41262,7
41267,4
41269,7
41277,5
41279,7
41280,4
41281,5
41282,5
41288,5
41289,7
41295,7
41301,4
41309,3
41316,5
41323,7
41326,7
41337,7
41340,5
41341,5
41354,4
41373,7
41376,7
41387,4
41391,7
41397,7
41401,5
41407,7
41412,7
41416,5
41422,7
41435,7
41445,7
41447,7
41449,4
41453,4
41457,7
41458,4
41461,3
41475,5
41486,5
41489,5
41490,4
41493,5
41500,4
41501,7
41505,5
41509,5
41551,7
41553,5
41556,7
41557,5
41564,7
41565,7
41576,3
41583,7
41593,4
41599,5
41607,7
41619,5
41640,5
41641,5
41646,7
41650,5
41657,3
41661,5
41669,4
41684,7
41687,5
41691,7
41700,5
41719,5
41730,7
41738,7
41739,7
41766,7
41768,7
41770,7
41783,7
41786,5
41788,7
41789,7
41790,5
41795,5
41813,5
41820,7
41831,4
41832,4
41837,4
41847,7
41866,4
41875,7
41876,5
41881,7
41888,5
41895,7
41897,7
41899,7
41908,4
41916,7
41917,3
41938,4
41940,4
41946,7
41947,5
41953,4
41959,4
41960,3
41965,5
41966,4
41967,5
41970,7
41971,5
41976,5
41981,7
41986,7
41991,7
42005,7
42014,5
42017,3
42022,4
42025,5
42038,5
42046,7
42056,4
42073,7
42083,4
42103,7
42106,4
42107,7
42108,7
42117,7
42134,7
42136,5
42137,7
42139,5
42141,5
42142,7
42147,4
42155,7
42185,5
42186,7
42195,7
42208,4
42223,7
42235,5
42240,7
42242,7
42245,5
42249,5
42265,7
42271,4
42272,4
42277,5
42279,5
42283,5
42313,4
42315,5
42351,5
42353,7
42361,5
42362,3
42383,5
42387,7
42390,5
42391,7
42399,7
42425,5
42426,7
42428,5
42430,7
42449,7
42451,5
42459,4
42468,4
42470,5
42474,4
42475,7
42478,5
42492,4
42503,7
42508,7
42519,7
42523,5
42524,5
42532,4
42550,5
42562,5
42564,4
42573,5
42578,7
42579,4
42586,7
42588,7
42610,5
42613,7
42631,7
42634,7
42635,7
42640,5
42643,7
42644,5
42649,7
42665,7
42669,7
42690,5
42696,5
42702,7
42711,7
42714,4
42719,7
42723,3
42738,7
42758,5
42764,7
42766,7
42768,4
42774,5
42778,3
42804,7
42808,7
42818,5
42824,5
42836,7
42839,7
42844,4
42852,7
42860,4
42863,7
42865,5
42866,7
42875,7
42878,7
42879,7
42882,3
42902,7
42911,7
42919,7
42922,7
42932,4
42947,7
42952,5
42953,5
42956,4
42958,5
42970,5
42974,7
42975,5
42978,7
42982,4
42988,7
42989,5
42992,7
43007,7
43018,7
43022,5
43028,7
43036,4
43038,5
43049,4
43051,7
43072,7
43073,5
43075,4
43089,7
43097,4
43098,5
43099,4
43104,5
43106,7
43116,5
43120,5
43144,4
43146,4
43158,5
43168,5
43171,5
43182,4
43185,5
43193,7
43201,7
43208,7
43215,5
43216,4
43228,7
43233,7
43236,4
43239,5
43240,4
43241,5
43249,4
43256,5
43259,7
43260,5
43265,7
43272,7
43275,7
43278,4
43280,7
43284,7
43289,4
43290,5
43324,4
43327,4
43331,7
43335,5
43340,7
43351,5
43357,4
43368,3
43371,7
43383,5
43384,7
43389,5
43397,4
43400,5
43411,7
43414,7
43434,7
43441,7
43443,5
43453,5
43455,7
43456,7
43457,7
43467,5
43468,7
43469,4
43483,7
43485,5
43487,4
43489,7
43494,4
43496,7
43503,4
43516,7
43523,7
43530,7
43536,7
43538,4
43547,5
43563,4
43575,7
43583,7
43601,7
43617,7
43621,7
43623,7
43625,5
43648,5
43650,5
43657,7
43661,5
43669,5
43670,5
43690,4
43699,7
43715,7
43717,7
43730,7
43731,7
43740,4
43747,7
43748,7
43753,5
43764,7
43771,7
43772,5
43773,7
43776,7
43784,5
43785,7
43789,5
43792,5
43793,4
43795,7
43797,5
43799,4
43800,7
43802,5
43818,7
43835,3
43848,5
43861,4
43863,7
43864,5
43868,5
43898,7
43924,7
43927,5
43931,5
43940,7
43941,4
43945,5
43951,5
43957,7
43966,5
43982,7
43984,7
43995,7
44016,7
44020,4
44028,5
44035,4
44039,7
44049,7
44052,5
44054,5
44063,5
44068,7
44069,7
44079,7
44082,7
44084,7
44094,4
44096,7
44100,5
44115,7
44124,7
44131,5
44139,5
44154,5
44163,7
44164,7
44173,5
44177,7
44182,3
44185,5
44187,5
44205,7
44207,7
44214,4
44215,7
44218,5
44222,7
44224,5
44225,7
44232,7
44242,7
44249,7
44251,7
44253,5
44258,5
44265,7
44274,7
44282,4
44285,7
44289,4
44290,5
44292,4
44293,5
44307,4
44311,7
44315,4
44316,7
44329,7
44341,4
44353,7
44360,5
44366,4
44371,5
44376,7
44388,4
44399,5
44403,4
44417,5
44426,7
44430,4
44436,5
44440,7
44442,7
44444,4
44450,7
44456,3
44458,4
44460,5
44461,7
44463,7
44497,5
44498,4
44512,7
44520,4
44523,4
44530,7
44533,4
44543,5
44554,7
44558,3
44567,5
44568,7
44572,7
44583,5
44591,7
44595,5
44601,7
44613,5
44615,7
44622,7
44624,7
44632,4
44647,7
44648,5
44652,7
44657,7
44658,5
44664,7
44668,7
44670,7
44674,5
44679,7
44683,7
44703,7
44710,5
44724,7
44729,7
44738,7
44742,5
44746,4
44755,7
44768,5
44770,5
44779,7
44781,4
44783,7
44800,7
44801,7
44808,4
44813,7
44821,7
44823,5
44825,3
44842,7
44843,4
44846,7
44855,5
44865,7
44883,7
44885,4
44896,5
44901,5
44910,4
44925,5
44941,5
44948,4
44955,7
44956,4
44959,4
44966,5
44967,5
44973,5
44983,5
45000,4
45017,7
45020,7
45031,4
45034,4
45037,7
45042,7
45053,7
45055,7
45065,7
45069,3
45070,5
45081,4
45082,5
45094,7
45096,7
45114,7
45121,4
45131,5
45136,4
45140,5
45144,4
45145,4
45153,7
45154,7
45163,4
45168,4
45182,7
45186,7
45194,5
45197,7
45203,4
45204,4
45207,7
45222,7
45228,4
45236,4
45238,4
45247,4
45250,5
45253,4
45255,5
45269,4
45271,7
45273,4
45274,5
45280,7
45283,4
45285,5
45293,4
45299,7
45302,7
45304,7
45307,5
45317,7
45336,5
45347,7
45348,4
45359,7
45363,7
45369,5
45370,4
45374,7
45380,7
45382,5
45385,4
45391,4
45401,7
45412,7
45426,7
45427,7
45441,7
45462,5
45471,7
45482,7
45499,4
45500,7
45502,7
45508,4
45509,5
45518,5
45533,7
45539,5
45543,5
45549,7
45551,7
45552,4
45561,5
45587,5
45604,7
45605,7
45609,4
45612,7
45632,7
45639,5
45645,7
45651,7
45660,5
45665,5
45676,7
45681,5
45687,7
45697,4
45707,4
45717,4
45720,4
45721,4
45736,7
45743,5
45752,7
45753,7
45758,4
45784,5
45788,5
45794,5
45795,4
45796,5
45800,7
45817,4
45831,7
45832,4
45836,7
45837,7
45868,5
45872,5
45878,7
45885,4
45886,4
45913,4
45916,7
45920,4
45931,4
45940,7
45960,4
45961,7
45965,4
45981,5
45989,5
45993,7
45994,5
45998,3
45999,7
46001,4
46019,5
46028,7
46054,5
46065,7
46068,5
46070,4
46077,7
46097,7
46111,4
46121,7
46127,4
46129,7
46133,4
46145,5
46158,4
46169,4
46170,7
46173,4
46178,5
46184,5
46186,5
46197,4
46200,7
46206,7
46207,5
46217,7
46221,5
46227,4
46240,5
46250,4
46268,5
46271,7
46278,4
46281,5
46282,7
46283,7
46284,4
46292,4
46301,4
46306,4
46315,5
46320,5
46328,4
46345,5
46346,7
46356,4
46367,3
46377,7
46380,4
46392,4
46410,4
46413,7
46418,5
46434,7
46438,5
46441,4
46442,7
46448,7
46462,4
46472,4
46482,4
46487,7
46488,3
46492,7
46493,7
46495,4
46505,4
46516,7
46526,3
46535,7
46537,7
46539,5
46540,4
46542,4
46561,7
46568,7
46572,7
46573,5
46575,7
46576,3
46587,4
46598,4
46599,5
46605,5
46608,4
46625,5
46632,5
46635,7
46636,4
46649,7
46655,4
46656,7
46667,7
46670,7
46671,4
46682,4
46685,5
46687,7
46689,7
46690,7
46691,5
46708,5
46724,5
46726,7
46729,5
46732,7
46735,4
46747,7
46760,7
46770,4
46776,5
46781,5
46783,5
46784,5
46787,7
46796,5
46807,7
46810,4
46814,7
46823,5
46831,7
46862,5
46867,7
46889,7
46890,7
46896,4
46898,5
46900,4
46902,7
46908,7
46912,5
46925,7
46936,7
46939,4
46958,7
46960,5
46962,7
47004,7
47005,5
47008,7
47012,7
47017,7
47026,4
47036,5
47041,5
47046,7
47047,3
47052,7
47061,4
47069,5
47073,5
47076,7
47095,7
47112,5
47114,5
47122,4
47132,3
47139,5
47140,7
47147,5
47148,4
47157,5
47159,5
47165,7
47167,5
47175,7
47181,7
47196,5
47211,7
47223,7
47236,7
47238,5
47246,7
47247,7
47249,4
47252,5
47256,3
47261,7
47262,4
47273,5
47276,5
47280,4
47288,4
47291,7
47299,5
47300,4
47309,4
47311,7
47316,5
47328,5
47335,7
47336,4
47338,4
47343,5
47345,4
47354,7
47355,4
47359,5
47370,7
47372,5
47373,4
47380,4
47391,7
47394,4
47422,7
47442,5
47444,5
47445,4
47446,5
47450,4
47466,5
47468,7
47475,7
47480,4
47490,5
47491,5
47508,4
47512,4
47521,7
47523,5
47527,5
47529,3
47540,4
47550,7
47559,5
47594,5
47602,5
47604,7
47605,5
47609,5
47616,4
47619,4
47623,4
47632,5
47635,5
47639,5
47644,5
47646,7
47653,7
47654,5
47661,4
47665,4
47666,7
47677,7
47684,4
47688,5
47691,7
47696,7
47710,4
47713,5
47714,3
47733,7
47749,3
47750,5
47751,7
47756,4
47765,7
47775,5
47786,4
47794,7
47796,7
47797,5
47800,7
47809,7
47812,7
47820,5
47825,5
47831,4
47845,5
47848,4
47865,5
47887,4
47898,5
47905,7
47910,5
47917,5
47931,4
47937,4
47944,7
47945,7
47946,5
47949,4
47954,4
47970,7
47978,4
47985,4
47989,7
47991,3
48013,4
48014,7
48019,5
48026,7
48028,3
48030,5
48036,5
48040,7
48045,7
48051,5
48052,5
48060,7
48076,7
48083,4
48091,7
48093,4
48099,3
48106,7
48108,5
48114,5
48117,7
48124,7
48130,5
48143,7
48145,5
48150,5
48151,3
48155,7
48159,7
48187,7
48200,4
48205,7
48210,4
48219,5
48224,7
48233,7
48262,4
48270,7
48274,4
48276,4
48283,5
48286,4
48287,5
48290,5
48292,5
48303,7
48312,7
48313,7
48315,4
48319,4
48324,7
48327,7
48328,5
48329,7
48334,4
48338,5
48339,7
48351,7
48353,7
48358,5
48366,4
48370,4
48377,7
48390,5
48399,4
48409,7
48411,7
48414,4
48423,5
48455,4
48459,7
48470,5
48482,4
48484,7
48485,5
48502,7
48503,7
48510,7
48513,4
48514,4
48532,5
48540,7
48576,4
48577,4
48579,7
48592,7
48597,4
48605,7
48616,4
48623,3
48629,5
48633,7
48635,7
48637,4
48642,4
48643,5
48652,7
48656,7
48666,7
48673,5
48676,5
48688,7
48691,4
48699,7
48707,5
48708,5
48715,7
48730,7
48731,7
48733,4
48735,5
48737,7
48739,4
48740,7
48743,4
48746,7
48747,3
48748,4
48749,5
48772,5
48793,7
48803,7
48816,7
48830,5
48836,7
48837,4
48840,7
48842,7
48845,5
48854,3
48856,4
48858,7
48871,5
48878,4
48881,7
48888,5
48889,7
48891,5
48896,7
48903,4
48904,7
48905,7
48910,4
48917,7
48919,7
48921,5
48924,7
48926,7
48932,7
48933,7
48935,5
48939,7
48945,4
48952,7
48956,7
48960,5
48965,7
48967,4
48968,3
48969,5
48970,5
48972,7
48978,5
48989,4
48992,5
49004,5
49008,7
49009,7
49017,5
49022,7
49026,7
49029,7
49030,7
49031,4
49040,4
49046,5
49049,7
49054,4
49055,7
49066,7
49068,4
49074,5
49080,5
49083,5
49091,7
49096,4
49097,5
49099,4
49105,7
49115,5
49117,7
49118,7
49119,7
49121,7
49125,5
49133,7
49141,4
49149,4
49156,4
49160,5
49162,5
49163,3
49165,5
49168,7
49169,7
49177,4
49180,3
49193,4
49197,7
49205,5
49219,7
49228,7
49230,5
49231,3
49237,7
49240,5
49242,5
49249,7
49250,5
49252,5
49254,5
49256,5
49281,7
49287,7
49289,5
49316,4
49323,7
49345,5
49370,4
49373,7
49375,4
49376,3
49379,7
49382,7
49384,7
49386,7
49388,4
49389,5
49390,7
49399,7
49409,4
49417,4
49419,5
49428,7
49453,7
49456,4
49466,7
49477,7
49478,7
49492,5
49493,7
49495,7
49496,7
49505,5
49518,5
49525,7
49527,5
49529,7
49534,3
49536,7
49555,4
49559,7
49567,5
49568,5
49576,4
49580,4
49585,7
49595,7
49606,7
49614,5
49619,4
49630,3
49648,7
49649,7
49650,5
49652,5
49659,7
49660,5
49661,5
49665,5
49668,7
49675,7
49683,4
49695,4
49699,7
49711,5
49714,5
49716,7
49719,7
49722,7
49738,5
49742,5
49746,4
49755,5
49756,4
49758,4
49759,5
49762,3
49763,4
49764,5
49769,3
49770,5
49783,4
49784,4
49786,5
49793,7
49811,4
49818,4
49828,7
49835,4
49842,3
49850,5
49860,3
49871,7
49876,4
49878,7
49884,7
49888,7
49889,4
49899,5
49903,7
49907,5
49917,5
49919,7
49921,5
49924,7
49937,5
49941,7
49943,7
49947,7
49972,7
49979,4
49994,4
49996,7
49998,4
49999,5
50006,4
50009,7
50013,7
50020,7
50037,5
50045,4
50046,4
50057,7
50059,4
50070,4
50074,5
50084,4
50087,7
50088,7
50096,4
50098,4
50101,7
50107,3
50111,7
50130,7
50131,7
50133,4
50134,5
50135,5
50142,7
50155,5
50159,7
50167,7
50169,4
50185,4
50187,4
50194,7
50195,7
50203,7
50207,7
50214,7
50223,7
50225,7
50248,4
50251,4
50256,7
50257,7
50258,7
50263,5
50270,3
50275,7
50277,5
50298,7
50300,7
50303,7
50317,7
50319,7
50321,7
50322,4
50351,7
50354,7
50363,7
50396,5
50403,5
50421,4
50429,7
50433,5
50435,7
50450,7
50470,4
50482,4
50486,5
50487,5
50488,5
50498,7
50505,5
50510,7
50515,7
50518,5
50522,5
50530,5
50537,3
50538,5
50539,4
50554,7
50555,4
50556,4
50564,4
50587,4
50588,4
50589,4
50592,7
50614,5
50616,7
50618,7
50623,5
50637,4
50641,7
50642,5
50660,7
50661,7
50662,3
50674,4
50679,7
50691,7
50694,5
50695,5
50698,7
50702,4
50709,4
50717,7
50718,7
50719,7
50723,5
50728,5
50729,7
50737,4
50742,7
50744,7
50749,4
50751,5
50758,4
50759,7
50781,5
50786,7
50796,5
50797,5
50800,5
50811,5
50821,5
50823,3
50831,4
50833,7
50841,5
50843,7
50847,5
50854,4
50864,5
50868,5
50906,4
50910,4
50923,5
50926,3
50934,4
50955,7
50957,5
50965,7
50970,7
50973,4
50987,7
51010,7
51016,7
51035,7
51040,5
51042,7
51053,5
51055,4
51056,5
51057,3
51063,5
51064,5
51067,5
51068,5
51073,5
51076,3
51084,7
51087,7
51088,5
51111,7
51120,4
51122,7
51123,7
51125,7
51138,7
51139,5
51143,5
51144,7
51145,4
51146,5
51152,7
51163,4
51173,3
51178,4
51181,4
51187,4
51189,5
51223,4
51228,4
51233,7
51238,7
51239,4
51257,7
51260,7
51275,7
51276,7
51290,4
51300,7
51310,5
51311,5
51315,5
51320,5
51324,4
51353,7
51355,5
51356,5
51367,5
51372,4
51375,4
51393,7
51397,4
51402,7
51409,7
51417,5
51418,4
51426,5
51434,4
51435,4
51438,7
51450,5
51458,4
51462,7
51473,4
51475,4
51481,4
51485,7
51488,7
51493,7
51497,4
51503,5
51505,4
51510,5
51515,5
51519,5
51520,7
51522,5
51526,5
51532,7
51536,3
51549,4
51558,4
51561,4
51576,5
51601,4
51622,7
51626,5
51629,5
51630,3
51644,7
51646,7
51649,7
51662,5
51667,4
51669,4
51682,7
51686,5
51694,5
51715,7
51724,4
51732,4
51738,7
51741,7
51743,4
51746,7
51749,7
51750,7
51753,5
51758,5
51760,7
51770,4
51780,4
51783,4
51791,4
51805,5
51822,4
51824,7
51829,5
51834,4
51837,7
51839,5
51841,7
51859,7
51860,7
51870,3
51877,7
51887,7
51892,7
51897,5
51906,7
51909,4
51914,4
51917,7
51922,4
51926,7
51927,4
51933,7
51934,5
51940,4
51951,7
51952,4
51957,7
51958,7
51963,7
51966,4
51976,3
51978,4
51989,5
51990,4
51993,7
51995,7
52008,4
52014,7
52033,4
52041,7
52046,4
52048,7
52049,3
52067,5
52069,3
52070,7
52073,7
52075,7
52079,7
52087,5
52089,4
52099,7
52100,5
52108,7
52114,4
52116,5
52121,5
52135,4
52144,7
52156,5
52163,7
52173,3
52178,4
52194,7
52198,7
52202,7
52231,7
52232,4
52240,7
52256,7
52263,4
52266,4
52271,5
52280,7
52284,7
52294,4
52295,4
52305,7
52316,7
52319,7
52327,7
52335,7
52337,7
52344,7
52345,7
52346,7
52355,4
52361,5
52363,5
52364,5
52369,7
52376,5
52381,7
52393,7
52405,4
52409,7
52417,7
52421,7
52422,7
52423,7
52427,7
52433,7
52450,5
52471,7
52472,4
52475,7
52477,5
52483,5
52488,7
52496,7
52510,7
52517,5
52524,5
52527,7
52532,7
52546,4
52552,4
52555,7
52560,4
52576,7
52583,4
52592,5
52595,7
52602,5
52613,4
52621,4
52631,7
52632,7
52636,4
52643,5
52645,7
52646,7
52649,5
52651,5
52660,7
52668,7
52670,7
52684,5
52688,4
52696,7
52697,7
52702,7
52707,5
52711,7
52715,7
52717,5
52718,7
52721,5
52727,7
52731,5
52733,4
52736,5
52737,7
52739,4
52754,3
52762,7
52775,3
52820,4
52821,5
52824,5
52831,5
52842,4
52848,4
52861,5
52865,4
52866,5
52884,7
52886,7
52892,5
52899,5
52900,7
52907,7
52919,7
52933,7
52934,5
52936,7
52941,7
52942,5
52943,7
52959,5
52975,4
52986,4
52987,7
52988,5
52989,5
52993,7
52997,7
52999,5
53005,5
53019,7
53023,5
53024,5
53036,7
53037,5
53039,5
53047,7
53061,5
53064,7
53073,7
53093,7
53098,5
53101,7
53102,7
53107,5
53108,7
53120,4
53125,4
53135,5
53141,5
53145,5
53146,7
53171,5
53194,4
53198,7
53200,7
53208,7
53248,5
53262,4
53266,5
53270,7
53271,7
53273,7
53277,7
53281,4
53296,4
53327,4
53355,5
53367,7
53368,5
53381,5
53382,7
53385,5
53389,3
53396,4
53405,4
53431,5
53444,4
53446,5
53453,7
53454,7
53458,7
53459,3
53460,4
53466,7
53472,7
53476,5
53489,7
53498,4
53506,4
53512,4
53555,4
53569,5
53571,4
53574,5
53579,4
53580,5
53581,4
53585,4
53590,5
53599,5
53600,7
53610,4
53616,7
53623,7
53624,4
53625,5
53630,4
53640,5
53644,4
53650,7
53652,4
53657,7
53665,5
53668,7
53678,5
53687,3
53694,7
53699,5
53704,7
53714,5
53724,4
53729,5
53730,5
53733,4
53751,7
53754,7
53759,5
53788,5
53790,5
53807,7
53813,4
53814,7
53824,7
53831,5
53847,5
53851,7
53854,7
53855,5
53878,4
53886,5
53892,7
53900,7
53906,7
53925,5
53928,5
53940,4
53941,7
53942,7
53945,7
53967,5
53978,5
53987,4
54013,5
54014,4
54016,5
54034,4
54043,7
54046,4
54051,4
54064,5
54069,4
54075,7
54081,5
54083,4
54090,4
54096,7
54100,7
54111,7
54117,5
54127,7
54132,7
54133,4
54143,7
54152,4
54158,7
54167,7
54173,5
54176,4
54189,5
54197,7
54200,7
54211,7
54215,4
54221,7
54228,4
54229,7
54234,5
54243,3
54246,7
54248,7
54255,4
54259,4
54275,4
54276,7
54283,7
54297,5
54316,7
54323,7
54325,4
54326,7
54327,5
54329,7
54343,7
54361,4
54366,4
54367,5
54369,4
54370,4
54378,5
54379,7
54384,5
54386,5
54389,5
54397,7
54402,7
54403,7
54410,7
54417,4
54443,5
54452,5
54459,7
54462,4
54469,4
54476,7
54483,7
54486,4
54494,4
54495,4
54497,7
54503,7
54512,4
54520,5
54531,7
54532,4
54538,7
54542,5
54545,5
54548,7
54561,7
54568,7
54575,7
54576,5
54590,7
54592,7
54602,7
54605,7
54606,7
54615,7
54616,7
54622,5
54629,4
54630,5
54633,5
54655,5
54660,4
54668,5
54674,7
54684,4
54685,7
54699,5
54704,7
54708,7
54720,5
54723,7
54727,7
54730,7
54743,4
54754,7
54762,5
54767,7
54777,5
54778,7
54781,7
54785,7
54787,7
54792,5
54793,5
54809,7
54812,5
54817,7
54821,7
54825,7
54829,7
54841,5
54842,5
54852,7
54855,5
54857,5
54858,7
54860,5
54872,7
54876,7
54885,4
54895,3
54897,7
54906,5
54920,5
54926,7
54941,4
54942,7
54953,3
54954,4
54958,7
54965,5
54968,4
54979,4
54984,7
54988,5
54991,5
54995,7
54998,5
55005,7
55009,5
55016,4
55017,5
55022,5
55025,7
55027,5
55036,5
55038,7
55048,7
55050,5
55059,4
55063,4
55064,7
55069,4
55070,7
55073,5
55074,3
55078,4
55080,4
55086,5
55102,7
55110,5
55111,4
55135,7
55139,7
55140,5
55150,4
55151,7
55154,5
55155,7
55157,7
55161,7
55166,5
55168,5
55170,7
55175,4
55186,5
55187,4
55189,7
55191,5
55193,7
55202,5
55203,4
55205,3
55210,7
55217,7
55226,5
55227,7
55247,4
55258,7
55261,5
55262,4
55265,5
55272,4
55298,7
55308,7
55310,7
55314,4
55317,5
55319,4
55328,5
55332,4
55344,7
55350,7
55354,5
55357,4
55360,5
55364,5
55376,5
55379,4
55399,7
55410,4
55422,4
55424,5
55446,4
55448,7
55456,5
55468,5
55474,7
55483,5
55492,7
55497,7
55500,7
55504,7
55521,3
55537,7
55539,7
55540,5
55552,7
55555,7
55556,4
55557,7
55559,5
55561,7
55564,4
55566,4
55572,7
55573,7
55581,7
55584,5
55592,7
55594,4
55600,7
55607,3
55634,7
55635,7
55637,7
55648,5
55649,5
55651,4
55652,7
55654,7
55655,7
55656,5
55663,7
55670,5
55686,3
55690,5
55691,5
55693,7
55694,7
55698,5
55716,7
55723,7
55729,4
55730,5
55749,5
55762,5
55772,5
55773,7
55775,4
55777,7
55794,7
55795,7
55809,5
55811,5
55814,4
55816,3
55817,5
55820,7
55825,5
55826,7
55830,5
55849,7
55851,4
55861,5
55864,3
55873,3
55874,4
55878,5
55883,7
55885,7
55896,5
55901,5
55902,7
55904,5
55910,7
55913,5
55914,7
55919,7
55922,4
55924,7
55935,7
55936,5
55937,4
55945,7
55947,3
55956,4
55961,7
55962,4
55965,4
55971,4
55973,7
55995,7
55999,7
56009,4
56013,5
56014,5
56017,3
56024,5
56032,3
56033,4
56043,4
56074,7
56081,5
56082,5
56087,7
56101,3
56112,3
56116,7
56121,7
56122,7
56127,5
56137,4
56140,7
56142,7
56156,5
56157,7
56174,7
56178,4
56181,7
56205,5
56209,4
56210,4
56215,7
56219,4
56220,5
56232,5
56245,7
56255,4
56258,7
56265,3
56291,3
56293,5
56295,4
56297,4
56298,4
56299,7
56312,7
56318,5
56323,7
56331,5
56333,5
56334,5
56340,7
56342,5
56352,4
56358,7
56359,7
56361,4
56365,4
56369,7
56376,4
56378,4
56398,7
56405,4
56418,5
56419,7
56422,7
56426,5
56427,5
56436,5
56455,4
56456,7
56464,7
56465,4
56466,4
56470,7
56472,4
56476,7
56477,5
56490,5
56492,7
56493,4
56498,5
56502,5
56504,4
56508,7
56517,5
56526,5
56533,4
56538,4
56541,7
56547,7
56553,5
56554,7
56560,5
56564,4
56576,4
56578,7
56588,5
56589,7
56596,7
56602,5
56609,7
56618,4
56629,4
56630,5
56647,5
56655,7
56674,4
56675,5
56677,7
56678,4
56700,7
56705,4
56706,5
56714,3
56715,7
56716,7
56718,7
56730,7
56732,4
56733,7
56736,5
56739,7
56742,4
56743,4
56747,7
56756,5
56760,7
56776,5
56779,4
56782,5
56794,5
56800,4
56814,4
56816,7
56818,5
56850,5
56865,7
56870,7
56874,7
56879,4
56885,4
56898,3
56901,3
56919,7
56920,7
56922,7
56923,4
56924,4
56928,3
56934,7
56940,5
56943,7
56944,5
56951,5
56952,7
56980,7
56984,7
56988,5
56989,4
56990,7
56994,4
57002,7
57012,4
57019,7
57025,7
57026,5
57032,7
57036,7
57046,5
57052,7
57065,4
57073,4
57076,5
57085,4
57093,7
57099,5
57106,7
57132,7
57134,4
57137,5
57141,7
57142,5
57151,7
57165,7
57172,5
57183,7
57190,7
57196,4
57197,4
57204,7
57208,5
57211,7
57213,7
57222,4
57228,7
57230,5
57237,4
57250,7
57254,7
57257,4
57260,4
57265,4
57266,5
57267,4
57271,7
57277,5
57292,5
57308,7
57318,5
57324,7
57329,7
57330,5
57336,4
57337,5
57341,5
57349,7
57360,7
57372,4
57374,4
57376,7
57393,5
57400,4
57412,4
57427,5
57439,7
57443,4
57444,7
57449,7
57475,4
57479,7
57480,7
57490,7
57509,3
57518,5
57528,7
57532,5
57541,7
57564,4
57573,4
57583,7
57587,5
57598,4
57607,5
57637,3
57639,5
57654,4
57664,5
57668,5
57676,7
57682,3
57684,5
57689,7
57691,4
57695,5
57701,5
57711,3
57715,5
57727,7
57734,7
57740,7
57749,7
57759,7
57782,7
57785,5
57787,5
57791,5
57808,4
57824,5
57830,7
57839,3
57841,7
57864,5
57867,5
57877,7
57883,7
57903,7
57907,7
57909,5
57932,4
57936,7
57937,7
57941,7
57943,7
57946,3
57952,7
57964,7
57965,4
57971,5
57981,7
57984,7
58002,4
58007,7
58010,3
58011,4
58019,7
58024,7
58025,7
58028,5
58029,7
58031,5
58041,5
58047,7
58055,4
58061,7
58062,7
58089,5
58093,4
58099,4
58102,5
58106,4
58108,4
58121,4
58128,4
58135,5
58141,7
58144,5
58147,4
58148,7
58157,5
58174,7
58175,7
58178,4
58182,5
58187,5
58195,7
58201,7
58204,7
58206,7
58207,7
58224,7
58236,4
58245,5
58249,7
58256,4
58257,7
58268,5
58272,7
58274,5
58275,5
58286,7
58301,7
58305,5
58331,7
58336,7
58339,5
58347,5
58350,4
58352,4
58356,7
58365,7
58366,4
58378,3
58381,7
58392,4
58408,5
58409,4
58417,4
58419,5
58424,7
58428,5
58429,7
58432,4
58438,7
58449,3
58462,4
58471,7
58473,7
58476,7
58480,4
58481,7
58489,5
58501,7
58516,5
58517,4
58525,7
58529,7
58534,5
58539,5
58543,5
58547,4
58568,7
58572,7
58577,5
58579,4
58586,7
58587,4
58590,7
58602,7
58604,7
58623,4
58632,4
58635,5
58656,5
58657,7
58665,4
58676,7
58679,5
58687,7
58696,4
58700,5
58704,4
58714,4
58715,7
58718,4
58725,7
58740,5
58745,7
58758,4
58759,4
58760,7
58766,7
58767,7
58769,4
58776,4
58778,5
58783,7
58784,7
58787,4
58788,7
58789,4
58804,4
58811,3
58815,4
58819,7
58821,5
58823,7
58824,7
58827,7
58833,7
58835,7
58842,7
58847,7
58853,5
58862,7
58871,7
58877,7
58885,7
58890,7
58898,7
58900,4
58909,5
58911,7
58927,5
58930,4
58961,4
58967,7
58970,4
58974,4
58981,5
58984,5
58990,4
58996,3
58999,4
59011,5
59020,7
59023,5
59024,5
59027,7
59037,7
59038,7
59067,5
59072,5
59076,5
59079,5
59088,7
59106,5
59126,5
59134,5
59144,7
59150,7
59151,5
59156,7
59157,7
59160,7
59166,4
59171,4
59176,5
59181,7
59192,5
59194,7
59197,5
59207,4
59208,5
59210,7
59226,7
59238,5
59247,7
59248,5
59257,5
59264,5
59288,7
59292,4
59293,7
59297,7
59307,4
59311,7
59314,4
59327,5
59335,7
59339,7
59348,5
59352,4
59354,7
59366,7
59367,7
59374,7
59380,7
59381,4
59387,5
59393,3
59394,5
59396,4
59397,7
59402,7
59404,5
59407,5
59409,7
59414,7
59417,7
59418,4
59419,4
59424,7
59437,7
59440,7
59482,7
59486,7
59504,7
59514,7
59520,5
59527,5
59536,7
59539,5
59540,5
59542,5
59548,5
59564,7
59566,4
59573,7
59578,7
59584,4
59588,7
59596,5
59602,5
59612,5
59615,7
59625,7
59626,4
59628,5
59631,7
59642,7
59649,7
59654,4
59659,7
59666,7
59685,7
59686,5
59703,7
59707,5
59709,7
59714,4
59732,3
59752,5
59756,5
59761,4
59762,5
59767,7
59769,7
59779,7
59791,5
59796,7
59803,7
59816,7
59818,5
59819,4
59828,7
59840,5
59841,5
59842,7
59850,4
59854,5
59858,5
59868,7
59873,7
59879,4
59889,7
59891,7
59892,7
59894,4
59896,5
59897,7
59898,4
59903,5
59907,5
59912,7
59923,7
59925,7
59928,4
59935,4
59936,7
59939,4
59949,7
59950,3
59955,7
59959,5
59962,4
59967,4
59972,7
59976,4
59996,7
60000,7
60002,7
60039,5
60040,7
60042,7
60065,7
60071,5
60075,4
60076,5
60077,7
60081,7
60087,7
60089,5
60096,7
60109,7
60119,5
60156,5
60159,7
60172,4
60178,4
60180,5
60181,7
60182,4
60184,4
60189,4
60190,7
60195,7
60211,7
60212,4
60218,4
60229,7
60242,4
60244,5
60248,4
60250,4
60251,4
60254,5
60280,3
60281,4
60288,7
60290,5
60298,7
60306,7
60317,5
60319,7
60320,5
60323,5
60327,7
60330,7
60337,7
60348,4
60352,5
60354,4
60362,7
60364,5
60374,5
60376,4
60378,7
60390,5
60405,4
60425,7
60426,5
60430,4
60431,5
60445,5
60449,5
60451,7
60456,4
60460,5
60479,7
60481,7
60486,7
60487,7
60492,4
60504,4
60510,7
60511,5
60518,3
60523,7
60558,5
60561,4
60565,5
60570,4
60575,5
60576,7
60578,7
60582,4
60590,4
60592,7
60594,7
60603,5
60612,4
60614,7
60626,7
60637,5
60639,5
60642,7
60644,7
60664,7
60677,7
60681,7
60687,4
60696,7
60704,4
60705,4
60707,7
60708,7
60726,7
60731,7
60732,5
60733,7
60744,7
60782,4
60789,5
60792,7
60795,3
60799,4
60804,4
60808,7
60811,5
60818,7
60819,4
60846,7
60850,7
60852,7
60865,4
60868,7
60870,7
60873,7
60881,7
60885,7
60902,5
60907,7
60910,4
60923,4
60929,7
60932,4
60933,7
60948,4
60952,7
60963,7
60966,7
60968,4
60970,4
60977,7
60979,7
60981,7
60993,5
60997,5
61001,4
61004,5
61022,4
61024,5
61026,7
61032,7
61041,7
61057,7
61058,4
61063,4
61069,4
61073,4
61085,5
61088,3
61097,7
61111,7
61114,7
61118,4
61139,5
61158,5
61160,4
61162,5
61169,7
61180,4
61201,4
61205,4
61239,5
61249,7
61251,5
61252,7
61255,4
61256,7
61257,7
61260,4
61279,4
61287,7
61290,5
61298,4
61305,7
61317,4
61318,7
61325,7
61332,5
61334,7
61335,7
61337,4
61346,7
61360,3
61362,7
61377,4
61381,7
61390,7
61395,4
61399,7
61401,5
61407,5
61408,4
61419,7
61434,5
61435,4
61439,4
61441,4
61474,7
61477,7
61486,7
61488,4
61491,7
61496,7
61499,3
61500,7
61501,7
61505,7
61508,5
61516,5
61518,5
61529,5
61541,5
61544,3
61549,5
61554,5
61556,7
61559,5
61564,7
61566,7
61577,4
61589,5
61597,7
61601,7
61602,7
61613,7
61615,7
61623,4
61624,4
61633,4
61639,4
61650,7
61651,7
61654,5
61662,3
61677,7
61683,7
61689,5
61690,4
61692,4
61698,4
61705,7
61709,5
61715,7
61717,5
61719,3
61720,3
61731,4
61742,4
61752,4
61759,3
61782,7
61788,3
61803,4
61809,7
61812,7
61820,7
61822,5
61831,7
61836,7
61845,5
61849,5
61856,7
61861,7
61873,7
61875,7
61877,4
61885,4
61927,7
61937,7
61942,4
61950,7
61953,7
61954,4
61959,5
61967,7
61976,7
61983,5
61994,7
62002,4
62007,7
62008,5
62011,7
62017,5
62020,4
62027,4
62045,7
62046,4
62048,7
62050,4
62064,4
62075,4
62079,7
62082,7
62085,4
62090,4
62116,5
62131,7
62133,4
62134,4
62135,4
62139,5
62147,4
62150,4
62159,5
62164,4
62180,4
62182,7
62185,7
62195,4
62196,5
62201,4
62206,5
62219,7
62229,5
62232,4
62241,4
62253,4
62260,7
62266,7
62267,4
62277,7
62278,5
62281,7
62288,4
62291,5
62292,4
62296,5
62303,7
62305,7
62306,3
62324,4
62335,5
62340,7
62345,3
62348,7
62378,5
62392,5
62393,5
62397,5
62399,7
62423,5
62430,7
62432,7
62439,7
62441,7
62444,4
62445,4
62452,4
62453,5
62466,4
62467,3
62476,7
62482,4
62490,4
62491,7
62493,7
62497,5
62499,5
62500,5
62501,7
62504,5
62513,7
62548,4
62558,7
62561,4
62564,4
62589,7
62602,7
62633,3
62643,4
62662,5
62667,5
62670,3
62672,7
62675,7
62683,7
62691,7
62696,7
62698,7
62702,7
62710,5
62720,7
62724,4
62734,4
62735,5
62740,5
62763,7
62764,7
62767,4
62770,4
62771,4
62772,4
62775,7
62797,7
62815,4
62817,5
62821,7
62827,5
62829,7
62861,4
62865,5
62885,7
62889,4
62890,3
62922,4
62926,5
62927,5
62952,7
62961,7
62964,5
62970,7
62972,7
62979,7
62983,4
62988,7
62990,5
62992,7
62994,7
62998,5
63005,4
63009,7
63012,5
63015,7
63017,7
63021,5
63024,7
63038,4
63058,4
63062,4
63087,5
63096,7
63097,7
63104,4
63116,5
63117,5
63144,7
63162,7
63167,4
63169,7
63172,7
63178,7
63188,7
63189,7
63204,4
63210,7
63211,5
63212,3
63233,7
63237,7
63249,7
63256,5
63257,7
63281,4
63287,5
63292,4
63294,4
63300,5
63301,5
63303,7
63323,5
63325,3
63345,3
63346,5
63351,4
63364,5
63371,7
63385,7
63392,4
63399,7
63401,4
63403,7
63430,7
63432,7
63433,4
63435,7
63438,4
63462,7
63466,4
63469,7
63470,7
63476,7
63494,7
63501,7
63509,7
63514,5
63517,5
63518,7
63524,5
63526,7
63537,7
63538,5
63549,7
63551,4
63566,4
63569,3
63573,4
63579,7
63580,4
63599,4
63619,4
63622,4
63623,5
63627,3
63632,4
63642,4
63649,5
63654,4
63662,7
63672,7
63683,7
63684,4
63701,7
63702,4
63705,4
63716,4
63720,7
63738,7
63742,7
63748,5
63759,4
63776,7
63793,5
63795,5
63802,7
63806,5
63809,7
63817,5
63824,7
63825,5
63826,7
63832,7
63835,5
63840,7
63841,4
63846,7
63850,4
63861,7
63865,7
63885,7
63888,7
63907,5
63915,4
63921,4
63928,7
63932,5
63955,7
63966,4
63981,7
63995,7
64000,7
64001,7
64012,4
64025,3
64030,5
64031,7
64043,7
64048,7
64049,5
64056,4
64069,5
64079,4
64080,7
64086,4
64092,4
64097,7
64105,5
64111,7
64112,7
64117,7
64119,7
64124,7
64164,7
64175,7
64180,5
64188,4
64189,4
64190,7
64191,7
64195,7
64199,5
64200,7
64203,4
64205,7
64206,7
64207,5
64222,5
64228,5
64231,4
64245,4
64247,5
64248,7
64254,4
64262,4
64268,4
64275,5
64284,5
64286,7
64289,7
64291,7
64300,5
64305,7
64306,7
64320,4
64325,7
64326,4
64330,7
64332,7
64344,5
64345,5
64352,7
64361,4
64363,4
64367,7
64368,7
64381,7
64385,5
64393,7
64397,5
64398,7
64405,7
64417,4
64423,4
64425,7
64428,7
64431,4
64437,4
64441,5
64442,7
64445,7
64446,4
64450,4
64453,5
64456,5
64484,7
64486,5
64491,4
64517,7
64525,7
64527,3
64529,7
64531,4
64542,7
64557,4
64558,7
64559,5
64562,5
64572,5
64575,5
64580,3
64587,4
64589,7
64592,7
64595,4
64598,7
64614,7
64635,4
64638,7
64639,4
64640,5
64641,4
64654,5
64665,5
64675,7
64678,5
64684,7
64692,4
64695,5
64698,5
64707,4
64710,5
64711,7
64712,4
64719,7
64724,4
64727,5
64728,4
64732,7
64744,7
64745,7
64746,7
64748,7
64759,7
64761,5
64762,7
64764,7
64765,5
64770,5
64786,7
64789,7
64792,5
64799,7
64808,7
64845,5
64846,4
64847,7
64854,4
64856,5
64859,7
64870,7
64874,4
64876,5
64889,7
64891,7
64892,4
64896,4
64897,7
64907,7
64921,4
64926,5
64949,4
64978,4
64983,4
64984,3
64990,5
64994,5
65001,5
65006,5
65018,5
65022,7
65024,7
65031,5
65034,7
65041,5
65052,3
65064,4
65065,5
65083,5
65085,7
65088,4
65095,4
65097,7
65099,5
65101,4
65104,5
65115,3
65140,7
65141,4
65146,7
65148,7
65156,5
65164,4
65166,5
65167,4
65173,7
65186,7
65187,5
65201,5
65209,7
65223,7
65232,7
65236,4
65238,4
65261,5
65267,5
65268,7
65274,4
65285,5
65286,4
65292,5
65299,5
65302,4
65307,7
65314,4
65315,7
65325,7
65326,4
65337,7
65340,7
65347,7
65358,5
65367,7
65371,5
65385,7
65387,5
65393,7
65424,4
65429,5
65462,7
65467,7
65496,5
65500,5
65502,7
65514,4
65523,5
65525,4
65528,7
65534,4
65540,4
65554,7
65588,7
65601,7
65603,4
65608,4
65617,5
65639,5
65646,5
65669,7
65673,5
65679,5
65688,5
65692,4
65698,4
65709,5
65710,7
65712,7
65714,7
65719,4
65743,5
65745,4
65753,7
65755,7
65762,7
65763,4
65766,5
65769,4
65774,7
65777,3
65780,7
65795,7
65798,4
65800,7
65802,7
65806,5
65810,4
65828,7
65835,7
65839,7
65846,7
65854,5
65855,7
65863,7
65874,7
65875,5
65876,4
65905,7
65922,7
65941,7
65942,7
65943,5
65964,5
65966,5
65972,5
65974,7
65978,5
65981,5
65982,4
66001,7
66008,7
66038,5
66041,4
66043,7
66049,7
66053,5
66056,7
66068,7
66077,4
66084,7
66085,3
66088,4
66092,4
66103,4
66116,5
66120,4
66125,4
66128,7
66133,5
66139,7
66140,7
66143,7
66144,5
66158,4
66187,7
66204,4
66208,7
66214,7
66217,7
66218,5
66225,7
66230,7
66252,7
66258,4
66275,7
66277,7
66284,7
66288,5
66312,5
66320,3
66322,7
66326,4
66328,4
66332,4
66340,7
66366,5
66367,7
66370,5
66377,7
66378,7
66383,7
66395,4
66401,5
66416,7
66420,7
66425,4
66432,7
66448,4
66449,4
66456,4
66478,5
66481,4
66482,7
66487,3
66511,7
66526,7
66542,7
66545,7
66556,4
66561,7
66570,4
66593,7
66594,4
66598,7
66602,4
66603,7
66607,4
66611,7
66616,5
66621,5
66626,7
66628,7
66641,7
66650,7
66653,7
66669,7
66678,7
66682,7
66689,4
66690,7
66695,7
66698,7
66707,5
66711,7
66713,7
66722,7
66723,5
66724,5
66725,7
66736,7
66737,4
66739,7
66740,7
66746,4
66759,4
66761,7
66770,4
66779,4
66783,5
66785,7
66787,4
66796,7
66798,5
66799,4
66800,5
66802,5
66807,5
66810,3
66813,5
66818,7
66823,7
66834,5
66840,4
66843,7
66849,4
66851,4
66862,7
66871,4
66893,3
66899,7
66905,4
66916,5
66921,5
66934,7
66938,4
66942,4
66943,5
66954,4
66967,7
66979,4
66983,7
66984,5
66987,4
67007,4
67008,7
67015,4
67020,5
67025,7
67027,5
67032,3
67034,5
67038,7
67056,7
67057,4
67059,4
67064,5
67068,7
67088,5
67095,5
67096,5
67108,4
67109,7
67114,4
67143,7
67146,4
67150,4
67154,5
67158,7
67165,4
67189,5
67194,5
67208,4
67221,5
67230,4
67232,4
67237,4
67238,5
67244,7
67245,5
67264,4
67275,7
67284,4
67290,4
67296,3
67299,4
67302,4
67307,4
67308,7
67314,4
67317,3
67336,4
67339,7
67342,4
67359,7
67363,7
67364,7
67381,5
67383,4
67388,4
67389,7
67400,5
67403,4
67409,7
67411,5
67423,7
67426,7
67428,7
67434,7
67438,4
67443,7
67447,4
67449,4
67452,5
67456,5
67460,5
67473,7
67476,5
67477,4
67485,7
67487,7
67488,5
67489,7
67493,4
67496,7
67498,7
67501,7
67503,5
67509,4
67514,4
67517,7
67518,5
67519,4
67535,7
67536,4
67561,4
67575,7
67580,7
67582,3
67589,4
67590,5
67592,7
67593,4
67596,5
67599,5
67602,4
67605,7
67624,5
67632,7
67633,4
67636,4
67637,5
67639,7
67642,4
67651,4
67655,7
67658,3
67659,7
67664,4
67673,7
67694,7
67696,5
67708,7
67710,7
67718,4
67728,4
67732,3
67742,5
67752,4
67760,4
67761,4
67771,5
67782,7
67783,5
67787,5
67794,7
67795,4
67802,4
67809,4
67814,7
67826,4
67831,4
67844,4
67850,7
67854,3
67860,4
67864,4
67869,4
67872,4
67875,7
67886,5
67901,7
67920,4
67927,7
67928,4
67939,4
67947,7
67950,5
67952,7
67962,4
67971,4
67973,5
67978,5
67981,5
67987,4
68002,7
68010,7
68032,5
68054,7
68066,7
68068,7
68072,3
68083,7
68084,7
68103,4
68117,7
68138,4
68147,4
68148,7
68149,7
68154,7
68155,7
68172,5
68175,5
68180,4
68187,7
68197,7
68206,5
68208,7
68226,5
68230,4
68236,4
68238,5
68245,4
68250,4
68258,4
68259,5
68262,7
68263,7
68268,5
68269,7
68270,7
68271,7
68293,5
68345,4
68351,4
68355,7
68358,7
68359,4
68365,5
68372,5
68384,4
68385,5
68400,7
68410,4
68416,5
68420,3
68424,5
68442,5
68444,7
68452,7
68461,7
68462,4
68468,4
68472,5
68481,5
68491,7
68495,4
68501,4
68520,4
68523,5
68525,7
68529,3
68530,7
68531,5
68532,5
68553,7
68561,5
68582,4
68584,7
68589,5
68598,7
68599,7
68604,7
68609,5
68625,5
68628,7
68629,7
68644,7
68650,5
68660,7
68666,4
68671,7
68677,7
68678,5
68680,5
68681,7
68691,5
68696,4
68700,4
68707,5
68710,7
68719,4
68726,7
68728,7
68741,7
68758,7
68768,7
68774,7
68779,4
68787,5
68793,5
68799,5
68800,5
68807,7
68819,4
68829,7
68833,3
68835,5
68889,7
68892,7
68896,4
68909,5
68912,7
68915,3
68929,5
68937,5
68938,4
68950,4
68951,5
68955,4
68967,7
68970,5
68977,4
68983,5
68992,5
68997,7
68998,7
69000,4
69001,7
69003,4
69008,4
69016,5
69028,7
69041,7
69042,5
69051,5
69066,5
69075,4
69090,7
69091,4
69120,5
69121,7
69126,4
69133,7
69138,5
69147,4
69148,5
69155,5
69157,4
69160,7
69162,7
69165,4
69166,5
69176,5
69186,7
69187,7
69188,7
69193,4
69207,7
69216,4
69226,4
69227,4
69233,4
69246,7
69247,7
69252,7
69263,5
69271,4
69272,4
69292,7
69296,7
69299,5
69303,4
69305,3
69317,4
69328,5
69331,5
69333,7
69335,4
69349,5
69358,7
69371,4
69374,5
69391,7
69398,7
69413,5
69414,5
69421,4
69428,7
69438,7
69442,7
69446,4
69451,7
69453,7
69457,7
69472,5
69474,5
69510,7
69519,7
69527,7
69556,7
69557,5
69559,5
69562,7
69578,5
69579,5
69618,4
69619,7
69631,4
69642,5
69647,3
69650,5
69662,5
69671,5
69672,4
69680,7
69689,4
69693,3
69694,4
69699,7
69701,5
69707,5
69716,7
69725,4
69727,4
69729,5
69737,5
69741,7
69745,7
69749,5
69750,5
69757,4
69760,5
69762,5
69765,4
69767,5
69770,7
69771,4
69773,7
69774,5
69776,7
69780,7
69799,7
69812,7
69819,5
69822,3
69833,4
69834,7
69841,7
69846,4
69849,5
69854,7
69858,5
69862,7
69871,4
69873,7
69877,7
69881,3
69883,7
69896,4
69898,5
69909,7
69936,4
69940,7
69942,4
69946,5
69963,4
69965,7
69969,5
69974,4
69977,4
69986,5
69995,7
69999,5
70000,7
70002,4
70010,5
70014,3
70017,4
70019,7
70020,4
70021,7
70022,5
70029,7
70033,5
70035,5
70039,5
70049,5
70052,7
70053,7
70054,7
70056,4
70057,5
70058,5
70059,7
70060,7
70071,7
70073,7
70077,4
70095,5
70101,5
70113,7
70114,7
70121,7
70128,5
70131,7
70142,5
70144,7
70152,4
70153,7
70159,7
70163,5
70165,7
70169,5
70172,4
70175,5
70181,7
70184,7
70195,3
70200,3
70201,7
70215,3
70216,5
70223,4
70227,7
70235,7
70239,7
70242,4
70246,4
70261,7
70263,4
70270,4
70275,7
70278,7
70287,5
70288,7
70296,5
70305,7
70311,7
70314,7
70320,5
70323,5
70328,4
70330,5
70357,5
70361,3
70363,4
70366,5
70369,4
70371,7
70376,5
70385,7
70387,7
70391,4
70399,7
70401,7
70411,5
70417,5
70420,7
70425,4
70442,5
70455,7
70460,5
70470,4
70471,4
70472,4
70473,7
70476,7
70482,4
70497,7
70508,5
70515,7
70529,5
70538,7
70543,7
70544,7
70557,7
70565,7
70580,7
70585,7
70591,4
70595,7
70599,4
70600,7
70604,4
70609,7
70622,4
70624,7
70629,4
70644,4
70645,4
70656,7
70658,7
70660,4
70662,4
70667,4
70669,4
70687,7
70693,7
70698,7
70700,4
70704,7
70716,7
70717,4
70718,4
70751,7
70752,5
70753,7
70756,7
70759,3
70766,7
70781,5
70788,5
70789,7
70790,5
70792,3
70798,4
70805,4
70815,7
70817,7
70818,5
70826,7
70831,4
70834,7
70838,4
70840,4
70850,4
70858,5
70859,7
70864,4
70868,5
70870,7
70881,4
70886,4
70899,7
70918,4
70924,5
70926,7
70928,7
70929,4
70931,5
70947,4
70950,7
70953,5
70954,5
70963,4
70973,7
70977,7
70980,7
70982,7
70985,7
70986,5
70993,5
70996,7
70999,7
71006,4
71007,4
71020,5
71029,7
71038,5
71039,7
71041,5
71049,5
71050,5
71053,4
71055,5
71060,4
71063,7
71071,5
71073,5
71074,7
71075,7
71076,7
71081,7
71085,5
71088,3
71094,5
71100,5
71117,4
71123,4
71125,7
71128,3
71129,7
71136,4
71138,5
71146,3
71153,5
71160,5
71176,7
71184,7
71214,7
71218,7
71228,7
71237,3
71255,7
71263,4
71268,3
71288,5
71294,3
71295,5
71318,3
71325,7
71335,7
71340,5
71343,7
71352,4
71353,4
71354,7
71363,3
71386,7
71392,4
71398,4
71413,7
71416,7
71421,7
71423,5
71450,7
71459,4
71475,4
71476,7
71481,7
71489,5
71495,7
71503,7
71507,4
71526,4
71536,4
71544,7
71549,4
71554,5
71559,7
71561,4
71562,4
71566,7
71568,7
71576,5
71577,4
71578,7
71583,5
71591,5
71593,5
71601,7
71602,7
71603,4
71612,7
71613,5
71621,5
71642,4
71646,4
71649,7
71655,4
71666,4
71668,5
71670,7
71676,7
71679,5
71680,7
71695,7
71698,7
71701,7
71713,7
71714,5
71720,4
71722,7
71725,5
71729,7
71732,5
71738,4
71739,4
71740,4
71748,7
71750,5
71777,4
71781,7
71788,7
71789,4
71791,4
71801,4
71806,7
71807,7
71810,7
71812,7
71813,5
71814,5
71815,5
71816,7
71834,5
71842,5
71843,4
71850,7
71853,4
71866,4
71876,4
71889,5
71893,4
71894,4
71901,4
71918,5
71925,5
71933,4
71936,4
71937,7
71938,7
71939,7
71941,7
71942,7
71947,4
71955,5
71966,7
71969,7
71975,7
71985,5
71987,7
71988,4
72002,4
72009,7
72010,5
72047,5
72054,7
72058,5
72067,7
72069,7
72074,5
72079,7
72090,7
72099,5
72103,7
72117,7
72127,5
72128,7
72133,4
72141,5
72161,5
72166,7
72172,3
72177,4
72188,4
72201,5
72215,7
72228,5
72229,5
72232,7
72233,7
72238,4
72253,5
72262,5
72267,5
72269,5
72270,7
72274,5
72278,5
72286,5
72293,7
72301,7
72309,7
72315,5
72317,4
72324,7
72331,4
72337,4
72347,5
72356,4
72361,5
72370,5
72371,7
72373,3
72375,7
72382,5
72393,5
72395,7
72396,5
72402,4
72408,7
72421,5
72424,3
72430,3
72433,7
72440,3
72481,7
72492,4
72497,4
72498,5
72503,5
72511,5
72514,5
72525,7
72531,5
72538,7
72575,7
72577,4
72578,7
72579,7
72585,4
72602,7
72604,5
72626,7
72641,5
72654,7
72662,7
72668,4
72671,7
72678,7
72681,5
72682,4
72687,7
72688,7
72694,5
72701,4
72703,7
72712,7
72720,5
72724,4
72733,7
72738,4
72742,5
72743,7
72749,7
72755,5
72760,5
72772,7
72775,4
72782,5
72793,7
72795,7
72801,4
72812,5
72822,5
72824,3
72840,7
72847,7
72851,4
72855,5
72870,5
72878,4
72880,3
72882,4
72883,7
72884,7
72893,4
72901,5
72904,7
72919,5
72932,4
72933,7
72935,5
72945,3
72951,7
72954,5
72955,7
72963,7
72965,4
72970,7
72974,5
72986,7
72990,5
72996,4
72999,5
73001,4
73002,7
73003,4
73010,4
73012,4
73019,5
73020,5
73021,7
73024,5
73028,7
73040,5
73061,7
73082,7
73099,7
73112,4
73118,5
73139,5
73161,7
73174,7
73175,7
73178,5
73186,4
73189,4
73195,7
73200,5
73219,4
73229,5
73230,5
73235,3
73270,4
73272,3
73295,4
73308,5
73311,5
73321,7
73328,7
73329,4
73336,7
73338,7
73343,3
73353,7
73357,4
73358,7
73360,7
73362,7
73373,3
73380,7
73381,7
73391,7
73397,7
73402,7
73404,4
73405,4
73410,7
73416,7
73425,5
73430,5
73437,3
73439,7
73444,7
73464,5
73473,5
73483,7
73491,7
73492,7
73498,4
73500,5
73510,7
73523,5
73530,3
73535,7
73536,7
73538,5
73551,4
73564,5
73573,4
73574,4
73575,4
73580,4
73587,4
73601,5
73602,5
73607,7
73608,7
73612,7
73618,5
73620,7
73626,5
73627,7
73630,7
73633,4
73637,7
73643,5
73644,5
73648,7
73656,5
73660,7
73670,7
73672,5
73673,5
73676,4
73678,5
73680,7
73685,4
73689,5
73690,4
73692,7
73706,5
73732,4
73736,5
73757,7
73760,7
73769,7
73802,7
73806,4
73822,4
73832,4
73846,5
73850,7
73852,5
73855,5
73856,7
73863,5
73866,7
73890,5
73891,4
73894,4
73907,7
73908,5
73921,7
73924,5
73925,7
73933,7
73944,4
73962,3
73969,4
73986,5
73994,3
73999,5
74004,5
74005,7
74008,5
74014,5
74021,5
74027,5
74029,7
74034,5
74039,7
74041,4
74045,7
74050,7
74068,4
74072,5
74084,4
74087,5
74090,4
74093,5
74095,7
74102,5
74103,5
74105,5
74106,5
74133,7
74143,5
74151,7
74160,5
74163,5
74164,5
74166,4
74170,7
74172,5
74193,7
74198,5
74220,5
74221,5
74227,5
74232,5
74233,4
74238,5
74247,7
74263,7
74268,7
74269,7
74291,7
74293,5
74298,7
74300,7
74306,7
74320,5
74323,7
74338,7
74340,7
74342,5
74349,5
74359,5
74366,4
74371,7
74375,4
74385,7
74392,4
74400,4
74426,7
74441,7
74445,5
74446,7
74452,7
74460,4
74467,5
74483,4
74490,7
74519,7
74531,7
74533,4
74534,4
74538,7
74542,4
74563,4
74568,7
74570,7
74577,7
74587,7
74600,5
74611,4
74614,3
74626,4
74634,7
74638,5
74639,5
74656,7
74663,7
74695,7
74701,7
74711,5
74728,7
74740,4
74760,5
74761,7
74774,7
74785,5
74790,5
74797,7
74801,5
74802,7
74807,7
74810,7
74815,7
74816,3
74819,7
74822,5
74823,4
74836,3
74837,5
74841,3
74864,7
74876,4
74877,5
74881,7
74904,5
74909,5
74927,7
74935,7
74945,7
74946,4
74952,5
74958,7
74960,4
74973,4
74976,5
74978,7
74988,5
74997,5
75008,5
75020,3
75027,4
75036,4
75040,7
75041,5
75060,4
75062,7
75064,5
75067,7
75072,7
75082,4
75083,7
75089,7
75092,4
75110,4
75115,7
75119,5
75123,5
75124,4
75126,5
75128,4
75129,7
75131,4
75139,4
75147,7
75179,7
75188,5
75194,4
75210,7
75216,5
75223,5
75227,7
75231,7
75237,4
75239,7
75242,7
75244,5
75245,5
75247,4
75257,5
75259,5
75262,7
75264,5
75265,4
75275,5
75287,7
75293,3
75296,5
75306,4
75309,7
75331,7
75356,5
75370,5
75373,7
75378,7
75380,5
75385,5
75400,4
75406,7
75417,7
75425,7
75441,4
75447,4
75451,5
75453,4
75455,4
75457,3
75464,5
75466,7
75475,5
75479,7
75487,5
75494,7
75504,5
75505,7
75506,7
75508,7
75511,7
75515,7
75517,7
75523,5
75526,4
75532,4
75536,7
75571,5
75575,7
75576,7
75598,7
75600,7
75605,7
75608,4
75609,5
75620,7
75622,4
75631,5
75635,7
75642,4
75649,5
75651,7
75653,7
75659,7
75676,7
75681,5
75687,7
75691,4
75692,7
75695,3
75703,5
75710,7
75720,7
75721,4
75722,7
75726,4
75735,7
75740,5
75741,7
75749,7
75758,5
75760,4
75764,4
75769,7
75782,7
75784,3
75814,5
75820,7
75826,7
75832,4
75836,7
75839,3
75847,5
75851,7
75852,7
75856,5
75872,7
75881,7
75882,4
75883,5
75888,7
75894,5
75898,7
75899,5
75905,7
75908,5
75919,4
75926,7
75949,4
75950,5
75965,7
75972,5
75977,5
75982,7
75986,7
75990,7
75996,4
75999,4
76003,7
76005,3
76006,4
76011,4
76014,7
76015,7
76020,7
76028,7
76033,5
76034,7
76040,4
76041,5
76065,5
76066,5
76067,7
76079,7
76080,7
76084,5
76087,5
76094,4
76111,7
76123,5
76128,7
76133,5
76137,5
76143,7
76154,4
76160,7
76161,7
76169,7
76177,4
76182,7
76187,4
76196,7
76197,3
76200,7
76203,4
76208,7
76226,5
76228,7
76231,5
76246,4
76248,7
76261,7
76262,5
76264,4
76268,4
76275,5
76286,7
76291,5
76293,4
76298,7
76308,7
76311,7
76319,4
76320,7
76324,3
76327,3
76338,4
76341,3
76345,7
76348,5
76356,5
76359,7
76361,3
76374,4
76381,4
76384,7
76391,5
76393,7
76398,4
76399,4
76401,5
76409,7
76410,7
76412,5
76414,5
76420,4
76425,5
76433,7
76443,7
76446,7
76449,4
76461,5
76474,7
76485,7
76488,7
76491,4
76503,7
76505,7
76507,7
76518,7
76521,7
76546,5
76564,7
76567,4
76570,7
76573,4
76578,5
76591,5
76593,4
76601,7
76603,7
76604,7
76614,7
76619,5
76635,5
76637,5
76640,7
76641,5
76643,7
76649,7
76654,7
76658,7
76691,5
76694,4
76695,5
76697,5
76701,3
76708,5
76710,7
76712,4
76730,7
76731,7
76743,4
76750,7
76764,5
76767,7
76768,5
76776,7
76792,7
76794,7
76821,7
76830,4
76841,4
76842,7
76857,4
76868,5
76869,4
76872,5
76873,7
76884,4
76890,5
76892,5
76896,7
76897,5
76899,4
76904,7
76908,7
76909,5
76917,7
76924,5
76937,7
76951,7
76957,5
76958,4
76961,4
76963,5
76965,7
76973,7
76974,3
76977,4
76980,4
76983,7
76984,7
76990,7
76991,4
77001,4
77013,4
77016,4
77019,4
77021,4
77030,5
77034,5
77043,4
77049,7
77050,7
77051,5
77068,7
77070,5
77089,7
77114,4
77119,4
77139,7
77142,7
77149,5
77157,4
77159,5
77162,7
77166,7
77182,7
77184,7
77188,7
77192,7
77200,4
77202,4
77205,5
77210,5
77211,7
77228,7
77232,4
77236,4
77239,7
77243,5
77277,3
77282,7
77285,7
77295,7
77302,4
77316,4
77331,7
77332,5
77337,7
77359,7
77360,4
77373,7
77378,5
77379,7
77384,4
77397,7
77404,4
77407,7
77432,5
77435,4
77466,4
77469,4
77496,7
77497,7
77501,7
77506,7
77517,7
77519,7
77540,5
77553,7
77557,5
77563,7
77566,4
77585,4
77592,7
77599,7
77603,5
77630,7
77641,7
77652,7
77654,7
77660,5
77673,4
77676,7
77677,5
77681,7
77685,7
77691,7
77692,5
77699,7
77705,4
77712,5
77722,7
77725,4
77742,4
77754,5
77762,4
77763,4
77765,7
77802,4
77812,5
77818,3
77826,5
77832,4
77838,7
77839,7
77840,7
77843,4
77854,7
77856,5
77859,5
77860,5
77864,3
77881,4
77886,5
77898,5
77910,5
77911,7
77920,7
77926,7
77934,4
77936,4
77939,4
77952,5
77954,7
77972,7
77980,4
77996,7
78000,5
78020,5
78032,4
78035,5
78037,7
78038,7
78041,7
78047,4
78049,4
78062,4
78075,7
78078,3
78083,7
78084,7
78090,7
78102,5
78104,7
78105,7
78116,5
78119,5
78139,5
78140,4
78142,7
78154,7
78156,5
78169,7
78173,5
78175,4
78178,5
78188,4
78189,7
78200,7
78216,7
78223,4
78227,4
78230,4
78236,5
78241,3
78243,5
78249,7
78251,4
78276,7
78283,4
78284,7
78294,5
78308,5
78314,7
78327,5
78330,7
78331,7
78336,7
78360,4
78362,7
78363,5
78364,4
78368,4
78370,5
78371,7
78372,5
78385,4
78388,7
78396,7
78397,7
78399,5
78405,5
78409,4
78413,5
78428,7
78437,4
78442,5
78451,5
78457,7
78461,5
78472,3
78474,5
78486,4
78487,7
78489,5
78495,4
78496,7
78498,4
78501,7
78509,5
78517,7
78554,4
78555,5
78562,5
78565,7
78575,7
78591,5
78602,4
78608,3
78615,4
78622,7
78628,4
78634,5
78645,5
78647,7
78653,7
78656,4
78658,5
78662,7
78664,4
78673,7
78675,4
78689,4
78692,5
78695,5
78702,7
78708,4
78709,5
78711,5
78714,7
78719,4
78720,5
78723,7
78724,7
78729,5
78730,4
78732,7
78736,4
78746,4
78755,7
78759,7
78766,7
78770,7
78773,4
78776,3
78780,4
78785,7
78786,7
78787,7
78789,7
78790,4
78797,7
78799,5
78806,7
78812,7
78813,5
78816,7
78819,7
78821,5
78822,7
78837,7
78841,4
78849,5
78850,4
78853,5
78854,5
78859,5
78866,5
78880,4
78886,7
78887,5
78892,7
78899,5
78915,7
78926,7
78930,4
78943,5
78944,7
78946,7
78948,4
78961,7
78963,5
78966,4
78969,4
78972,7
78973,7
78980,4
78985,4
78995,3
78997,7
79002,5
79018,5
79019,3
79034,7
79037,5
79039,4
79040,5
79043,5
79056,5
79057,7
79070,5
79077,7
79086,4
79095,7
79096,7
79103,7
79106,7
79107,4
79108,7
79109,4
79111,4
79112,7
79116,5
79118,5
79126,7
79133,4
79146,4
