"Id","response"
15765,8.21610321845654
15766,5.11754989666054
15767,5.07875833285522
15768,5.13994773792937
15769,4.34462884550774
15770,7.03254066146491
15771,6.48597193765754
15772,5.74683522435193
15773,6.99799216808244
15774,4.15243008637501
15775,6.60012011898346
15776,5.31667688279216
15777,6.67305443414575
15778,3.76112924768931
15779,7.60619944520192
15780,5.3569144729616
15781,6.74470826097005
15782,3.53718975105731
15783,6.6177984611487
15784,5.69550823301503
15785,3.87430132617348
15786,6.31086303513591
15787,3.06816031674723
15788,5.86399239852128
15789,5.38681230674499
15790,5.08319277502982
15791,5.68229266326342
15792,6.39570977402154
15793,6.31221532132721
15794,5.33610565550249
15795,7.21354613088796
15796,6.92419263219567
15797,4.9056409676765
15798,7.80721867206026
15799,6.66503877300421
15800,6.39424781156615
15801,7.4355097951571
15802,4.04201904981053
15803,6.81932990027439
15804,4.20686599017446
15805,7.4282940574652
15806,6.56282643154958
15807,6.51393698137378
15808,6.34428291995079
15809,2.51307068507028
15810,3.94653241015818
15811,2.92407139682951
15812,4.62313804261743
15813,7.10745797873681
15814,7.12788573784352
15815,6.76792464149161
15816,3.33037050610756
15817,7.20586850916802
15818,5.2920302334541
15819,5.69256661211924
15820,4.19285073940465
15821,5.83918708365768
15822,4.8878928057777
15823,5.88870971740161
15824,4.15155349501713
15825,5.62760843804865
15826,7.19725329675901
15827,7.28509749649659
15828,4.79824792481877
15829,5.65878796494926
15830,6.26524304595349
15831,5.53710145908196
15832,4.50982849411784
15833,5.76966842193364
15834,6.87507565681621
15835,6.84200305988198
15836,6.99887968076424
15837,6.08443293634953
15838,5.83578366117874
15839,6.72462971388428
15840,6.92966398498775
15841,4.21977586293459
15842,5.04026063239179
15843,6.95172770258429
15844,4.36951742380271
15845,7.04056659577319
15846,4.25072970472151
15847,5.97918607551293
15848,7.52977810294682
15849,6.87232713135902
15850,4.506974474147
15851,5.46051840210804
15852,5.57826847949068
15853,5.8338181676831
15854,7.44527309859553
15855,4.37994244901646
15856,5.11728040686776
15857,4.93652940884387
15858,6.40077678851334
15859,6.96991974222829
15860,5.82755048252983
15861,7.56378832705769
15862,2.72322435567837
15863,5.47813742600756
15864,6.22039787971461
15865,5.906998625773
15866,3.8492405074575
15867,6.0126209693271
15868,7.21605658596479
15869,6.91110689658763
15870,5.28184153730792
15871,5.42809154837592
15872,6.91702094643008
15873,3.00500914697087
15874,6.36830560967005
15875,5.63520759849428
15876,6.00654389752113
15877,2.73587582952631
15878,3.56935834950115
15879,6.42138760945239
15880,7.33065689531916
15881,6.07965386034529
15882,4.2325453939741
15883,5.79132290546955
15884,6.44024280975646
15885,4.46395365340785
15886,4.23713580735401
15887,5.43812797720445
15888,6.29775963407846
15889,5.72375896726901
15890,7.89119068535615
15891,5.64077001685094
15892,6.37371035525482
15893,6.99669589391141
15894,6.38339336784059
15895,6.57084226152407
15896,6.60844176715639
15897,5.548967949585
15898,0.383673408330098
15899,5.76064910118803
15900,3.79203305291492
15901,4.87803814215886
15902,4.48883689807928
15903,5.71221191008344
15904,7.32456962351169
15905,6.7485521826988
15906,5.3906313727482
15907,7.80186615090633
15908,5.18972512082991
15909,5.51251044670284
15910,7.16925716598069
15911,4.81109224324531
15912,6.95398733681115
15913,4.47582312639546
15914,6.05729176435783
15915,5.74170609198555
15916,5.81319656862649
15917,5.75772578035288
15918,4.82368008582309
15919,7.31057772378753
15920,1.69436694227537
15921,4.877437300422
15922,5.59457031049413
15923,5.77455372685017
15924,5.34583576069742
15925,5.83982213589716
15926,5.14137368586202
15927,6.67781640874302
15928,3.82394724810803
15929,6.57109276827884
15930,7.12482078450102
15931,4.65021662225997
15932,4.49714917475053
15933,5.15978851017688
15934,5.09692681143035
15935,7.32805184675202
15936,4.089012641803
15937,8.20491640867826
15938,6.95382077881491
15939,3.08136657889104
15940,6.5983479996332
15941,5.13376462797654
15942,6.1637582272989
15943,3.58880004329201
15944,4.55467329215106
15945,5.16820812997555
15946,5.76112413028512
15947,5.17119904706096
15948,6.21683229396254
15949,6.13454756796373
15950,5.01477792759679
15951,7.39690415819052
15952,3.40168438364603
15953,7.0601467106544
15954,3.63627031078471
15955,4.55178760623143
15956,5.56112923589099
15957,4.65388269382535
15958,5.15984183356265
15959,5.68804498342725
15960,5.00725885860185
15961,5.39950391621562
15962,4.47571721267372
15963,5.82642915742713
15964,4.65120999860348
15965,3.77653630039367
15966,5.52379238621959
15967,4.02368931886924
15968,7.17128422421355
15969,4.80656402666236
15970,5.902869608202
15971,6.42524976968042
15972,6.05864608606815
15973,5.78870110273627
15974,6.62287590120865
15975,5.76387137983331
15976,6.87460005240012
15977,4.98331122857318
15978,3.78083730977467
15979,4.32632571075672
15980,3.46565504828993
15981,5.56072043938545
15982,5.93439334911066
15983,5.65795553834648
15984,5.38032638009433
15985,3.64766264408725
15986,4.94211670528497
15987,6.98138820548074
15988,7.72177172014233
15989,6.13680608609436
15990,4.23014065494109
15991,5.97824558205474
15992,3.5263076101766
15993,6.80332383160164
15994,6.73689792645739
15995,7.33886915147341
15996,5.70552486335677
15997,5.17826298434571
15998,6.10863104724973
15999,7.76992387287264
16000,5.81786378077736
16001,5.41570798331718
16002,4.52899214380811
16003,5.63858018189123
16004,6.31798319152181
16005,7.77469468358007
16006,5.71553543144156
16007,6.12528291716882
16008,2.05254330146064
16009,4.91106285547949
16010,4.46813755487536
16011,5.26215653462454
16012,6.78878855079357
16013,5.73048221931711
16014,7.07480881114148
16015,5.38631860555622
16016,6.12408467511657
16017,7.48100764912291
16018,6.96070665042096
16019,5.63353484125591
16020,6.81797542200263
16021,7.49335785558655
16022,6.18166548020491
16023,6.762508910233
16024,7.07063547740313
16025,4.78172296675872
16026,5.74555963937907
16027,5.00321621237171
16028,6.45749882782106
16029,6.40669739652714
16030,6.23696073890755
16031,8.25580411311196
16032,5.63673967573437
16033,3.63673750216538
16034,6.98776756233482
16035,3.87626195715205
16036,5.07859341444573
16037,4.30533488621711
16038,4.03501872329924
16039,4.34462954322034
16040,3.87380241523921
16041,5.97631111223998
16042,6.81315189207414
16043,4.41186343510307
16044,2.73058156181765
16045,5.96293954521385
16046,3.67936301778304
16047,5.83044185971727
16048,7.68287904878622
16049,3.88105676567526
16050,7.45791406292733
16051,2.72717928085977
16052,1.82320790522104
16053,8.10395254461295
16054,6.8744863273491
16055,7.98753789015162
16056,8.18823316395268
16057,5.65530859211528
16058,3.94686919074084
16059,6.13334451123383
16060,4.79068016485183
16061,6.58615490991471
16062,3.3841880362152
16063,6.68160444108694
16064,6.75994435534016
16065,5.57575821608893
16066,6.53622936227705
16067,4.02827193198617
16068,5.08112265145281
16069,5.89765004178533
16070,6.08828319060788
16071,5.96629228218614
16072,5.00385419664314
16073,6.69481682403062
16074,5.76006912737818
16075,7.04706101922526
16076,5.88206819819553
16077,6.53196063947212
16078,6.24651815758933
16079,4.5327750288892
16080,6.1348083399963
16081,6.75217281699208
16082,5.89289393540825
16083,6.86890501284999
16084,2.40381298679806
16085,7.03770572816118
16086,7.15935000150266
16087,6.00156514996308
16088,6.92473818908788
16089,7.42793867680453
16090,7.32119531016921
16091,3.04921342634163
16092,7.52118496376046
16093,7.5333924759869
16094,4.88460399041621
16095,6.1707642785794
16096,4.93021510160512
16097,6.53796251319879
16098,6.10022252540225
16099,6.51699541662937
16100,4.55177736265532
16101,5.00385750122403
16102,5.77487447898527
16103,2.44601940472532
16104,4.87985550382485
16105,5.73307345007774
16106,3.50858580977214
16107,6.80935832738938
16108,3.94290635162557
16109,6.05564650700524
16110,6.24946899479482
16111,6.11208963774622
16112,6.98835267504315
16113,4.08957977088792
16114,6.23490716625566
16115,6.03689951426692
16116,3.06693691292822
16117,6.17098375001889
16118,6.08843773180712
16119,6.63274037460146
16120,5.87251929613398
16121,5.59131214711117
16122,5.50043809928686
16123,6.67029528215024
16124,4.4792085011128
16125,5.33683891655192
16126,5.44377047278126
16127,4.39995623172494
16128,7.58242276721708
16129,5.06239445307726
16130,6.34367429520341
16131,6.28761741149185
16132,5.48408154513191
16133,5.75164700566449
16134,4.99971864085101
16135,6.60580189479875
16136,6.51552411196066
16137,7.94796153252679
16138,4.83046553520175
16139,7.13828059846725
16140,5.8055605387373
16141,4.06880616874738
16142,4.83054174043649
16143,3.55567801317573
16144,5.45201298019013
16145,4.97803633456156
16146,2.88199832213676
16147,7.65893033904601
16148,5.877278932453
16149,4.4550280806816
16150,5.26807199433584
16151,5.82820733444784
16152,4.11071774356655
16153,7.11922979611761
16154,5.95900484888141
16155,4.71444114839083
16156,7.1746871256476
16157,4.62043271397349
16158,6.93423879392827
16159,6.61715555184548
16160,6.27935680505487
16161,6.89240190532411
16162,7.14694550517899
16163,4.19703145206673
16164,5.67371098081058
16165,4.59782166289319
16166,5.87559468449407
16167,4.03350094015079
16168,6.51913005062133
16169,2.32624376296268
16170,4.20128687578638
16171,7.49627933288139
16172,7.62958451708417
16173,4.94303449591387
16174,5.00318621539738
16175,6.65508534187504
16176,6.16682189323378
16177,2.22059202259056
16178,7.56263271056304
16179,7.15109575697203
16180,7.27508830790581
16181,7.20977995611937
16182,5.4979870060959
16183,3.64754947336889
16184,7.64874188333481
16185,6.57475926561695
16186,6.26361004439191
16187,3.99097090438058
16188,6.11384840305911
16189,6.2866801347156
16190,5.3242499059162
16191,2.45657542525508
16192,5.78189370187857
16193,6.04597132671867
16194,6.14625225659508
16195,7.12016999624186
16196,3.70107737209136
16197,4.99583290721363
16198,4.69942970868431
16199,4.83314963928916
16200,5.10718248551363
16201,6.08821635233064
16202,5.34647130899129
16203,5.64335290714247
16204,6.42392868090851
16205,6.85875235674224
16206,4.9658237195957
16207,7.3777788565398
16208,6.29601552092762
16209,4.59797445666968
16210,6.06670691563213
16211,3.85311423949152
16212,6.43150621102252
16213,6.78164809489743
16214,7.47718127642367
16215,5.74854671940515
16216,3.4298260769446
16217,6.61404798383589
16218,5.21925595911305
16219,6.6541336492783
16220,5.3589051804173
16221,6.32872755592757
16222,4.9510804358694
16223,6.22636739554395
16224,5.36293935714978
16225,4.35453617274177
16226,3.62550203164733
16227,6.90016504276805
16228,6.53449308980994
16229,4.87989791414631
16230,5.82149496333224
16231,4.39647827980174
16232,6.52438543026816
16233,1.83740052176817
16234,4.86178797864462
16235,6.67736154879097
16236,5.8263550335374
16237,6.41044893920774
16238,5.64153704877678
16239,3.13734451575108
16240,7.02845234593544
16241,4.92747766589427
16242,4.66197000947348
16243,6.9899468141038
16244,4.48307979426117
16245,6.74202450419894
16246,7.05376739918651
16247,6.92471510277749
16248,6.80560419484899
16249,7.94371258685043
16250,7.66331560568772
16251,5.80098823078119
16252,7.74037951027902
16253,7.14158696649285
16254,4.07762894217668
16255,1.72395162075671
16256,5.85605975507886
16257,6.50624947215126
16258,7.80100460796207
16259,4.21328016834747
16260,6.45035278255721
16261,4.35559062256024
16262,6.34165977207031
16263,7.09339725261948
16264,6.26077032967056
16265,5.02887636674584
16266,5.505412816199
16267,6.19955167907854
16268,2.64020747860821
16269,6.47965086438847
16270,5.94160541932043
16271,5.51457024744617
16272,4.73999349190801
16273,2.84657223256054
16274,5.2181427016285
16275,5.89838216537944
16276,4.25428284514847
16277,5.24678290307294
16278,5.56287124720224
16279,5.57504217458378
16280,6.26141491188296
16281,4.53578064112
16282,7.23893713510082
16283,0.818115142081906
16284,5.48135201429789
16285,4.93942090712647
16286,5.49460615078563
16287,5.95455791612793
16288,6.51637458462992
16289,6.06586636953746
16290,6.81815063406143
16291,6.78822437632436
16292,6.82556633632993
16293,5.4364643231888
16294,7.62241603333829
16295,4.90688612725534
16296,4.56593051764135
16297,3.94446888159115
16298,4.96251016620526
16299,7.44236051856438
16300,6.42564353501537
16301,5.81877359060513
16302,3.62162605056477
16303,5.83080536302813
16304,5.49307458201315
16305,8.31658992398452
16306,6.72562218710593
16307,6.33641944691894
16308,5.99833197958911
16309,6.00919063886885
16310,7.33939409121075
16311,7.79823722458466
16312,7.48839811375397
16313,3.84087110919702
16314,0.350538448824654
16315,3.6712191265086
16316,6.40875935145072
16317,7.46666963898577
16318,5.46083786290303
16319,5.08989851484125
16320,6.35431614609576
16321,6.00731052103781
16322,6.10788119411456
16323,7.67573098986311
16324,5.93052699144464
16325,8.19568530698427
16326,7.72270506661659
16327,3.35634017788514
16328,6.7252717805102
16329,0.191888722258494
16330,6.61578807252724
16331,5.71087593999751
16332,6.54605823097435
16333,5.41220480334065
16334,3.37999755542761
16335,5.57172873081082
16336,6.01003100220507
16337,5.82897711792753
16338,5.22262851972232
16339,7.08866172577844
16340,6.12809811282489
16341,5.69219959876775
16342,6.19485424762329
16343,7.06116457799896
16344,4.45345583673691
16345,6.32669379063247
16346,4.20556164561131
16347,7.05494289959583
16348,7.43199006935532
16349,4.98564882551194
16350,5.68174427613095
16351,6.11740007240594
16352,6.93352542321495
16353,7.77417836412786
16354,6.52072288525097
16355,7.50465476434444
16356,7.80886534675889
16357,6.87798429298083
16358,5.88906290922443
16359,5.78566900601695
16360,3.79364732729523
16361,5.14728988254234
16362,6.17602423954424
16363,5.47060325241655
16364,4.58025702931524
16365,6.85848321846056
16366,5.90292298854455
16367,6.76049082145382
16368,6.30260405507864
16369,6.08355702596996
16370,3.64612975490692
16371,5.67246521684521
16372,3.87969577511001
16373,2.75300715785
16374,5.99607345444418
16375,3.63699651732083
16376,7.02782315568834
16377,6.69439403662205
16378,8.41274505999822
16379,6.32806703893616
16380,5.13313158040294
16381,7.58330073739982
16382,5.70793905917798
16383,7.0521769221722
16384,3.11303052994996
16385,6.66411288629273
16386,5.64338584028678
16387,7.00944739569531
16388,7.52372421797944
16389,7.09449232178998
16390,4.58476105586787
16391,4.52102959919898
16392,5.93939437969315
16393,3.53445793897398
16394,6.66145235227388
16395,7.43518112338924
16396,6.55877477866442
16397,3.50254613881689
16398,6.42883710224845
16399,6.46920595985935
16400,5.10767990533449
16401,6.84312712889261
16402,4.32326829838255
16403,6.920783409902
16404,4.16055121037265
16405,7.30291490368406
16406,6.44826150947491
16407,7.70960896491699
16408,7.10958927506252
16409,5.83946030185898
16410,5.89649681428633
16411,6.00782129036492
16412,7.55701024057498
16413,5.87200286071593
16414,6.34784113498982
16415,4.26890589955714
16416,6.58571412321823
16417,5.39369224330254
16418,6.11596114938387
16419,4.74153925187587
16420,7.03171274960503
16421,2.32362721511444
16422,5.87346587420011
16423,5.97310026663121
16424,7.26108820412338
16425,5.34909140506331
16426,4.0997330519847
16427,6.78689554064758
16428,0.846723944240785
16429,7.53689954534089
16430,5.98657737574021
16431,6.33091367367075
16432,6.09467518801849
16433,5.93636149498835
16434,3.46735255627422
16435,5.93333818962049
16436,3.57340075362462
16437,6.41618101515218
16438,6.66642804120015
16439,6.82468752587815
16440,3.94473880140486
16441,6.08146585455999
16442,6.99928488505885
16443,5.61327366473018
16444,5.81756624245739
16445,6.4161041132255
16446,1.84193555128295
16447,6.33579240491304
16448,6.11484128852411
16449,5.9284824195488
16450,5.74093702986737
16451,6.83580254168427
16452,5.00146397652672
16453,5.72599586286012
16454,7.73984675607579
16455,6.01887167809058
16456,1.53432710432673
16457,4.39124766401066
16458,6.57281732483136
16459,2.69551193268271
16460,6.20702877412527
16461,6.68904627248237
16462,7.5171437720969
16463,4.48281395671323
16464,6.87160530078949
16465,6.11420597290208
16466,1.69209351526032
16467,8.15654967842546
16468,5.84635170038932
16469,5.00043395342542
16470,4.02698603677702
16471,5.58980785155509
16472,4.34575059538879
16473,7.18069600584046
16474,5.41376503490909
16475,6.95602217475904
16476,6.97635326387659
16477,4.31886694259209
16478,7.01872182081166
16479,7.26673274804337
16480,5.76887879201787
16481,2.09162338990578
16482,6.61253557265155
16483,4.48239206050907
16484,5.02991635031654
16485,2.06685121993632
16486,5.57779302116538
16487,5.84545565791392
16488,5.61801559639304
16489,5.21752385129794
16490,7.26411463475763
16491,5.51302512493916
16492,7.08746707098218
16493,3.37532070691924
16494,7.47613782098761
16495,5.25515657523139
16496,6.46828558072229
16497,6.59471391382922
16498,4.54299224129188
16499,6.33333011691436
16500,7.12160084443075
16501,5.8130120673635
16502,6.67494355190361
16503,7.28026778636111
16504,6.87463504275473
16505,3.79852729058217
16506,6.91211938370373
16507,4.41665198148594
16508,6.82535963425577
16509,7.04340142782227
16510,4.77633350186626
16511,2.94480819360121
16512,5.76472376197083
16513,7.68145812177674
16514,6.7504221025286
16515,6.8284359476704
16516,5.90266758020241
16517,3.23781564668371
16518,5.85845627103825
16519,4.48732733853277
16520,7.04960522978924
16521,7.22792992233398
16522,3.76021872504426
16523,7.3135343775583
16524,6.20163875700919
16525,4.29372648192438
16526,6.71136094180677
16527,5.48429820649294
16528,6.97437425030491
16529,8.07606752500229
16530,6.76873750603005
16531,4.98216122768603
16532,7.50901052829069
16533,3.83576352702865
16534,3.04505389462868
16535,6.82398173651815
16536,5.56913667189493
16537,4.90716770400911
16538,6.57460322434337
16539,5.03981007180178
16540,5.06801680534939
16541,6.45661374117179
16542,4.28123839716842
16543,6.75597818037069
16544,4.50399130277502
16545,5.72364093510019
16546,6.61728467834318
16547,6.92102436293097
16548,6.85470932111959
16549,4.2318454544285
16550,7.29077381625618
16551,6.88540610558979
16552,5.38841548961613
16553,4.36445570397183
16554,6.20209818813082
16555,4.06789117946282
16556,6.76636298503563
16557,5.29138356267635
16558,6.48407561469937
16559,1.80695970457407
16560,5.50141187303408
16561,4.47874937189391
16562,7.31424404813308
16563,5.15992957575262
16564,7.12602089911039
16565,6.06855838771238
16566,6.26392404047475
16567,6.50507886355346
16568,6.00616071767167
16569,4.68771010428891
16570,2.72911868794162
16571,4.59124012495975
16572,4.40107352339226
16573,3.48620953529848
16574,5.93067483689486
16575,7.63267712502364
16576,6.52896441901513
16577,5.61399584499769
16578,8.15242834645261
16579,6.25586743372604
16580,3.44510370099389
16581,7.07689065055067
16582,6.69052082773608
16583,4.07641668948427
16584,6.26442994653948
16585,6.73111838355061
16586,3.73018786854231
16587,5.15056230121226
16588,7.42527271728752
16589,7.3598687857969
16590,5.73030280978138
16591,6.13357770641251
16592,7.5615010778006
16593,7.54960703455244
16594,6.45254810540128
16595,6.12552998229673
16596,6.48016589116711
16597,6.14198838538844
16598,4.86014988580501
16599,4.03100751878865
16600,6.11414075614861
16601,7.60498403877
16602,6.27954697160993
16603,6.60480786035773
16604,5.27033671403914
16605,5.65392531283769
16606,4.88978725270008
16607,6.8003210032896
16608,6.45789768608492
16609,4.78779359540505
16610,4.53484228250499
16611,5.98903594488566
16612,6.28456599793022
16613,5.44887799378878
16614,6.72558565689727
16615,4.69707056657139
16616,4.68747716860033
16617,6.30539829622871
16618,5.92248907300357
16619,7.05943325812773
16620,5.37138442109089
16621,5.91913976687771
16622,5.93654458461433
16623,3.70193241430793
16624,5.12749758717541
16625,7.04064822712496
16626,4.00151975592541
16627,5.94103169480904
16628,7.9947390523218
16629,7.02878033229079
16630,5.91631671367813
16631,7.43506947980144
16632,6.83159430802737
16633,6.9015545869958
16634,3.71573282087645
16635,5.64307824877282
16636,3.69461829992264
16637,4.46957962053033
16638,6.31690432467346
16639,4.50436252069817
16640,6.82140958336415
16641,6.90422654198298
16642,5.87160543245425
16643,1.44089633857626
16644,6.22020770942502
16645,7.26751637594045
16646,6.06340223975951
16647,4.62149628183944
16648,5.54265127170826
16649,5.64580871388426
16650,8.11237088484981
16651,4.45288911018622
16652,6.78879352481913
16653,6.41358603906858
16654,7.68997284913076
16655,5.32125331927324
16656,6.93640526754132
16657,7.36028745416451
16658,6.34036402178917
16659,6.98050142572285
16660,4.8003396229202
16661,3.78307348946971
16662,5.61364323451885
16663,7.35447935167742
16664,6.3232789442627
16665,6.53749352519062
16666,7.22220835853186
16667,4.34138800793927
16668,6.92505526194746
16669,6.95159409470199
16670,6.02627596088207
16671,6.08737519263687
16672,4.18942035534421
16673,1.18826662867532
16674,4.79091397596293
16675,4.69848366664016
16676,5.95925407821634
16677,6.09389250713184
16678,5.16950491674004
16679,5.53977958074704
16680,6.74674890664067
16681,6.42722757404611
16682,6.25251778176128
16683,2.9693862028204
16684,5.15264955865812
16685,6.62468650814132
16686,7.02834280547242
16687,6.981541334906
16688,1.49705669218239
16689,6.13363741320431
16690,5.15487422185829
16691,5.12358255202877
16692,6.41519009536712
16693,5.6165448393577
16694,6.54813795578126
16695,6.2696502097783
16696,6.87432757060014
16697,7.40040438758231
16698,4.57397481516598
16699,6.23586398902196
16700,1.14969581675375
16701,6.16508164441017
16702,6.8937659062791
16703,5.93376034088233
16704,4.8897274973583
16705,5.92274570504625
16706,3.60774947896103
16707,4.86171854520037
16708,6.82372461356556
16709,3.14268069387946
16710,7.80245652563857
16711,4.29860562558553
16712,7.15315019018458
16713,5.46127463912382
16714,3.86082857358902
16715,7.46233619305273
16716,6.0322422591331
16717,6.86386347825676
16718,6.52220938956686
16719,4.99809744512643
16720,6.38218521911681
16721,7.05886096199371
16722,6.56256329903843
16723,3.27403997647658
16724,5.40386230015588
16725,7.39891469704921
16726,6.36732581092744
16727,3.24116892957297
16728,5.45905135514547
16729,4.48986578206617
16730,5.86295276735011
16731,6.89988746598972
16732,4.79767558464173
16733,7.14776062611381
16734,5.73841157236223
16735,7.76796349468237
16736,7.96736118603353
16737,6.23920027576283
16738,3.85204933713491
16739,5.89539218752193
16740,6.49788057351952
16741,7.39530838761318
16742,6.76624341893544
16743,4.84263484574359
16744,3.10926748609272
16745,6.27144806311783
16746,5.36610030914093
16747,2.76096275309267
16748,6.55679758458081
16749,3.63063329152657
16750,6.37859584653327
16751,4.56829964781165
16752,5.63178486734285
16753,7.03950098091696
16754,4.75522127941881
16755,4.7595453609071
16756,7.00872672247511
16757,6.46740277029485
16758,5.59980830386677
16759,3.8872491116707
16760,2.62022774436494
16761,6.86228542613182
16762,5.7403602121348
16763,1.29476667053887
16764,6.72845277448563
16765,2.09835487862678
16766,5.584297144526
16767,6.10995928340251
16768,6.31278780318269
16769,5.50443792554332
16770,7.05045006412653
16771,3.22849505653324
16772,5.79483206400176
16773,7.29715808442915
16774,6.22910560548725
16775,4.66715114876502
16776,3.22790773757491
16777,5.92585110467765
16778,5.35719401084661
16779,6.32951984188722
16780,6.02128918050639
16781,6.46733196394217
16782,6.28983769684129
16783,3.87176407342302
16784,4.62874715668756
16785,5.15215805409218
16786,5.61836114284471
16787,7.54219104904093
16788,5.40311823667219
16789,6.68299013445819
16790,6.43472630181712
16791,7.40357451397774
16792,6.61580367414817
16793,8.17587713319431
16794,4.80324871842991
16795,4.28443965140295
16796,6.13420757500788
16797,5.86871264196159
16798,7.76725074999036
16799,2.14783160490484
16800,5.18447722826094
16801,6.54155981478798
16802,4.56419738550599
16803,5.82739424002483
16804,6.08196797899654
16805,6.12127274451694
16806,3.91843944786556
16807,6.53965018980569
16808,6.82832099833065
16809,3.09111647995993
16810,7.55166902376152
16811,6.21863748797135
16812,1.95585365419696
16813,4.18670701185451
16814,7.67943553402294
16815,6.38992560219682
16816,6.53540047625584
16817,6.21534459047938
16818,7.02315011728272
16819,5.02943387505728
16820,7.42074730855437
16821,5.9762082504406
16822,7.1766989765555
16823,5.73781298391706
16824,7.82467683921735
16825,5.665113613983
16826,4.57032515138715
16827,6.35753990184783
16828,7.05714659121886
16829,6.08718432400689
16830,6.11981200928196
16831,5.58674032547836
16832,5.35684427996706
16833,4.22853993840215
16834,1.94684652690815
16835,5.9568719301319
16836,1.08147513420332
16837,6.69544711138737
16838,3.82488303106029
16839,5.08494163889975
16840,6.72737204282993
16841,6.35050169524822
16842,5.90713431860194
16843,6.89905063480697
16844,7.36942814753788
16845,4.96347130941903
16846,6.55351056066285
16847,5.00428345809165
16848,7.47761950799186
16849,7.23993589926147
16850,7.55231640637021
16851,7.74351713543546
16852,6.01276472956538
16853,6.12181955792317
16854,6.31476141674007
16855,5.02701872733438
16856,5.99928584169571
16857,2.96942301753437
16858,5.72529757411145
16859,3.65307186574323
16860,4.72219015537676
16861,5.0979720062067
16862,7.03825754395086
16863,7.27337304108242
16864,5.14291070412114
16865,5.53577556905875
16866,5.61118557732475
16867,3.86232931585805
16868,6.85913334099557
16869,4.61159094650595
16870,6.64075123122206
16871,6.79865383384462
16872,6.68691047938467
16873,4.30308795301841
16874,3.82721563171472
16875,7.52096900082019
16876,5.80755951092747
16877,6.05289313425477
16878,6.74792929457079
16879,7.14226752399809
16880,4.8907513300513
16881,5.60782964503337
16882,6.28389308515376
16883,2.73262525915297
16884,7.18358359337749
16885,3.2044754394723
16886,5.90869733025887
16887,7.11181051753612
16888,6.7773111438077
16889,4.36168170942628
16890,6.9891959735038
16891,4.45650662440875
16892,4.22147981014426
16893,5.7867362131956
16894,4.50097389694707
16895,4.71672839561
16896,6.10039707631064
16897,6.09963743233121
16898,5.8653719531885
16899,3.10857271420947
16900,6.30883799814034
16901,5.40014327078713
16902,7.00029446603557
16903,0.775196961126961
16904,6.94199103018442
16905,4.67414621830059
16906,4.5864987331775
16907,4.80786748425409
16908,6.3937941623395
16909,5.40792213681824
16910,7.35519945762371
16911,5.21224809117536
16912,4.87712188207097
16913,3.5758654450276
16914,6.26952463569137
16915,6.98866355057556
16916,6.13914192518814
16917,2.95531223183224
16918,6.50620160733643
16919,5.97342678285241
16920,2.97946863477646
16921,6.15159571006569
16922,5.30604771911228
16923,7.1504121936215
16924,5.81491282484511
16925,7.06650697008033
16926,7.90878815012746
16927,6.34130546695351
16928,4.43512276093216
16929,5.83818338321965
16930,4.76049614229439
16931,5.37020877744111
16932,6.23649103536962
16933,6.94490387204585
16934,5.30820459707383
16935,5.62057989961024
16936,6.7377209570341
16937,5.42353190719721
16938,6.08510104797162
16939,3.85504546995076
16940,4.42693053458345
16941,5.61311485026264
16942,6.5013436996922
16943,6.52834519502559
16944,5.15500501455219
16945,6.61672358442868
16946,5.13440519300031
16947,1.29778751703623
16948,7.21397813652148
16949,5.5861342497559
16950,5.94559994759528
16951,5.42662206127104
16952,5.40424759046235
16953,6.27600699036542
16954,6.26238175079928
16955,6.19396534070157
16956,3.33019599918528
16957,6.84099045363376
16958,5.24087084584867
16959,6.39516282176626
16960,3.59151281575292
16961,6.04806552612636
16962,7.14464186982633
16963,6.3042881989152
16964,6.03488539286697
16965,6.8219951272957
16966,6.75877941234956
16967,5.97839548087553
16968,2.80318075203199
16969,7.55100337394329
16970,5.21234728979571
16971,7.49023480679792
16972,4.81035879291512
16973,5.69540091336238
16974,6.38012987927012
16975,7.72092608464086
16976,3.93052802066651
16977,5.77728713768016
16978,6.63832553000294
16979,7.32924333395363
16980,5.02919880084922
16981,1.08234955699506
16982,7.31409538609037
16983,5.80587309713839
16984,5.62557124276078
16985,5.61697593370091
16986,4.79162865872931
16987,4.7213711456986
16988,6.06950900413173
16989,0.737558762673182
16990,6.57769040241916
16991,6.25281822074639
16992,5.33584458378963
16993,5.75572164826341
16994,7.16289717301907
16995,5.30526351603295
16996,7.45594412444105
16997,5.17977694067911
16998,7.59444780793051
16999,4.45443594301626
17000,6.61558004166353
17001,4.60130237546334
17002,4.486309034117
17003,6.72270998705219
17004,6.64750502154468
17005,2.02044006143072
17006,3.77056201930717
17007,7.09920219270446
17008,3.84487744096659
17009,5.66131757964673
17010,2.5010052850614
17011,4.67034174368324
17012,2.74266325134221
17013,6.00302105043446
17014,7.95512702008319
17015,4.28061939030291
17016,6.55235219312899
17017,7.50360650230578
17018,4.69327899277697
17019,5.84152150476765
17020,5.62131575093711
17021,7.01119227108944
17022,7.2549272454902
17023,3.58108809434669
17024,6.04924550979139
17025,6.71105175251514
17026,5.84352036561635
17027,7.37469103928536
17028,5.58811392674572
17029,4.78759177462919
17030,6.57148023049149
17031,5.53964432188589
17032,6.53729684821442
17033,3.37308418807481
17034,7.99985587868165
17035,5.29080645875669
17036,7.31407202994216
17037,5.20791829752268
17038,7.3477548121885
17039,6.2997938235861
17040,4.75697847241295
17041,6.1539975082849
17042,6.13069459815763
17043,5.19703917102395
17044,6.45259405592438
17045,5.80796823512182
17046,3.60372550460306
17047,6.02996268717103
17048,4.98308828138077
17049,6.52931667150547
17050,6.49811636511802
17051,7.50395703782053
17052,7.16472283960287
17053,5.21788418460081
17054,4.15141869807814
17055,6.22579815954224
17056,7.56030712866076
17057,7.78308614014422
17058,6.09911612741155
17059,6.47467418936179
17060,6.65440704248116
17061,7.13970825360374
17062,5.96240221761141
17063,5.39278798579775
17064,5.99464402955225
17065,4.78534499437602
17066,6.90766599800179
17067,6.18905696341469
17068,7.31617450071573
17069,5.63222653936486
17070,3.55941705777466
17071,5.3139134769503
17072,6.05911954654399
17073,5.75461177467242
17074,6.31901759585732
17075,5.0570675169015
17076,8.52555536555495
17077,6.50759381478634
17078,3.61165235130217
17079,5.56957810901962
17080,4.48052981227412
17081,7.17965955842662
17082,6.03723778627741
17083,6.38964307779705
17084,7.05340840719399
17085,4.10973870471787
17086,8.01326977079384
17087,6.22788487683378
17088,5.34803927432784
17089,5.60965772412494
17090,6.10077190619681
17091,7.18975824754229
17092,6.23284161437519
17093,7.50720458772256
17094,6.11730578795809
17095,6.33933140069842
17096,6.4884549486139
17097,4.64987219993986
17098,7.03038505423615
17099,5.14746068459977
17100,5.35932402086587
17101,5.30607761219191
17102,4.4327665139699
17103,6.12838242526501
17104,5.49620502786811
17105,7.79402778507712
17106,6.07046546767055
17107,6.69851560932048
17108,5.86408911730387
17109,6.6557446038502
17110,6.9032440369203
17111,5.85423167165092
17112,-1.5515188466978
17113,3.42591602580995
17114,0.173021526773347
17115,5.49095738796432
17116,5.81667016032833
17117,4.35876627792809
17118,3.23638220788204
17119,8.6570260311348
17120,5.53168777688877
17121,6.86986665862562
17122,6.33849492606654
17123,5.07666824458518
17124,7.42407792816687
17125,6.67466136347053
17126,3.26331056791351
17127,6.71896660234442
17128,6.47591242704375
17129,6.95122242160365
17130,4.7021963123024
17131,3.83656197068973
17132,6.84581916918522
17133,7.51185514487372
17134,3.47314692547308
17135,5.79742160409196
17136,6.37769378223579
17137,5.14734807277399
17138,5.3008167796967
17139,4.600543756167
17140,6.60573674491205
17141,5.46580736460871
17142,4.75246314259295
17143,7.44826339955495
17144,4.58063145198763
17145,6.89407751753709
17146,4.80148018901365
17147,6.08033816244808
17148,6.21340246721413
17149,6.83444482207097
17150,5.2678280014731
17151,6.500118332221
17152,4.56187059142211
17153,7.83290394781811
17154,2.97661540651387
17155,4.69994636222042
17156,6.75247508315817
17157,5.31634145339839
17158,3.31713280336602
17159,4.12459089580504
17160,5.49744993636771
17161,7.77000501465427
17162,7.27914919888724
17163,5.36158406595801
17164,7.44384921955375
17165,6.89673540628745
17166,4.89445339807872
17167,6.23733342772337
17168,6.6176303538458
17169,4.19928401197272
17170,7.78324872154745
17171,4.3724848922336
17172,6.57510845079996
17173,7.00371386509093
17174,7.10389434159749
17175,6.19737178179859
17176,6.83068538849275
17177,8.08588080343285
17178,3.89890476439225
17179,4.51549777100577
17180,6.70035441643838
17181,5.92359022073747
17182,7.00273964930883
17183,6.66066950446339
17184,6.57135761279227
17185,6.78398577348423
17186,4.80429951426291
17187,4.84323180722567
17188,7.69779651663499
17189,3.95202302016001
17190,7.59575573706896
17191,7.5298085489928
17192,4.64554633799887
17193,5.36348447271642
17194,6.54497621808528
17195,3.24842039860127
17196,6.34442767324201
17197,4.24367798951218
17198,6.64946107553611
17199,7.40205843653879
17200,2.97424752764737
17201,6.98940103842662
17202,7.94209663474838
17203,3.88372627092338
17204,6.57441221049265
17205,3.87440375778642
17206,4.8063560420092
17207,6.99360728847811
17208,4.58823308370456
17209,2.91015061047567
17210,4.66017451213956
17211,5.01774639485525
17212,6.76774454836475
17213,6.77423890799999
17214,5.66881154459614
17215,6.12426881824408
17216,7.31201238851862
17217,4.18852729147646
17218,1.00072578446202
17219,5.68221301164952
17220,6.04669249897645
17221,7.30750496694153
17222,6.26281253633609
17223,4.92266851903176
17224,5.08438151155315
17225,6.81405058817723
17226,3.98431452486238
17227,6.44356984319224
17228,5.27239945221572
17229,5.92359657718931
17230,4.88515993728419
17231,4.0790647607692
17232,6.1422250468133
17233,4.21940707222498
17234,6.90126117507417
17235,6.79909991703417
17236,5.89605173798104
17237,8.25715375465614
17238,5.30021105645314
17239,4.35901220204579
17240,3.61841813568988
17241,5.91274412485168
17242,6.61551574329067
17243,7.96548142844617
17244,6.72647732678594
17245,5.66651173926235
17246,3.76957649489321
17247,6.93577525066556
17248,6.15725734340406
17249,7.30542298672551
17250,5.99113757853407
17251,3.56191872370385
17252,3.21373395097675
17253,5.68976275184956
17254,5.45190201450363
17255,5.67368189719256
17256,5.73747581447022
17257,5.44732847988349
17258,3.48934168077024
17259,6.94211505275202
17260,7.08109842376868
17261,5.06455018054356
17262,3.27475979422777
17263,7.24428423747049
17264,7.98852132640245
17265,7.05422610612528
17266,7.46210088285253
17267,-0.731775156825951
17268,6.21748335929826
17269,7.78793373790555
17270,6.68801144025812
17271,4.68084279412841
17272,3.09763883288607
17273,2.92288516143407
17274,7.87534239848613
17275,5.35904415233366
17276,6.83117653004988
17277,7.48130627381294
17278,7.18042283174077
17279,2.42252702975428
17280,3.98572928148262
17281,6.45252585948585
17282,6.94902872086872
17283,5.09164139659506
17284,6.4838821257515
17285,5.25651591988031
17286,2.60751316670338
17287,5.477894532706
17288,6.20876583981382
17289,3.00357222527522
17290,4.87844845201756
17291,5.31330912628399
17292,4.50645527304278
17293,5.55696741980426
17294,7.14376344964657
17295,5.42717169385497
17296,5.2637669030617
17297,5.21584825212003
17298,6.39722927031898
17299,4.36578621162507
17300,5.20893732583793
17301,7.33785916153597
17302,5.99411508618044
17303,5.86552758635967
17304,6.6925518266548
17305,5.16343005697633
17306,5.71867623682602
17307,4.91747731049992
17308,5.79751142123091
17309,7.54066057036762
17310,6.82930958241648
17311,5.36726924379321
17312,0.133552395020531
17313,6.65151773103167
17314,6.55731256457037
17315,0.584948894366615
17316,5.28018973341386
17317,7.18939082243147
17318,8.45063068574077
17319,5.91370562735097
17320,5.86455874948994
17321,7.07959219996332
17322,4.81609037325511
17323,5.97669148914168
17324,3.69869438287488
17325,6.54263699876401
17326,7.11700757640342
17327,6.99853861456723
17328,5.44191688694964
17329,8.39349377110255
17330,5.39732655435753
17331,4.6495898041154
17332,6.05726447965862
17333,6.87739863441689
17334,3.63481213128991
17335,1.98540170979329
17336,5.30489573219534
17337,6.5114829009694
17338,2.55834520928847
17339,2.9830621633777
17340,5.77317330746604
17341,8.11276619271695
17342,6.52217989248596
17343,3.64251977389752
17344,5.07546647536195
17345,5.1940280230816
17346,7.23311259663396
17347,2.66198585147117
17348,6.21581755851341
17349,5.51714981878995
17350,1.64835730333829
17351,5.2031374961874
17352,5.95019031224678
17353,8.06769637754676
17354,6.03118014467619
17355,6.25143729633827
17356,7.32494463613762
17357,6.1839559300749
17358,5.63500336466228
17359,7.19778629280847
17360,4.89214833430826
17361,5.18438756354134
17362,4.30509594358571
17363,5.61171646888885
17364,7.39778469794182
17365,5.19444392991703
17366,4.1156112734102
17367,7.51127142871555
17368,7.25310457736813
17369,4.70746866265801
17370,6.25707820761085
17371,6.58110213004041
17372,6.89507301622236
17373,7.1542681265302
17374,5.66117347122307
17375,7.31995655057157
17376,6.92224306537447
17377,7.27161162200606
17378,7.564155207225
17379,6.45714938230718
17380,5.99336715414829
17381,6.40050546559104
17382,2.76784716487511
17383,2.91760106821606
17384,6.3771409471543
17385,7.10503197222928
17386,2.53221369848515
17387,4.41217493477651
17388,2.61279447560824
17389,2.87868485635563
17390,5.82102779740544
17391,7.43683082523625
17392,5.18252728308182
17393,6.06980941268462
17394,3.8026290047664
17395,5.90746748038094
17396,6.78836794207344
17397,5.50062993505114
17398,5.97107046673013
17399,4.60276147572226
17400,5.3241266003019
17401,7.74497225707784
17402,7.05398311592945
17403,7.02382525409213
17404,5.5727482735555
17405,5.30572117871357
17406,3.95305666426528
17407,7.47862364452999
17408,6.59652479802174
17409,6.84558121291228
17410,6.39532730159998
17411,6.109731402861
17412,5.68808392278026
17413,4.55282785694316
17414,3.11970557995944
17415,4.81430391919308
17416,7.15220419999634
17417,2.74160126803075
17418,5.02018994617526
17419,5.10606040197059
17420,8.23084445299023
17421,4.72780514450414
17422,5.61990233009251
17423,7.59070772566166
17424,4.73046704283381
17425,4.61367822375418
17426,7.89698659464137
17427,4.69161100485502
17428,4.30653744013939
17429,5.3105946753429
17430,6.39149924533272
17431,6.08568925117946
17432,5.70426854427722
17433,7.34485992880001
17434,7.80788821886443
17435,3.29739652260899
17436,3.89058036959148
17437,5.6359850450914
17438,3.48144204580861
17439,5.9681380057715
17440,7.55129835661973
17441,4.7743583130979
17442,5.54924915333154
17443,5.43867976048594
17444,6.56551125233118
17445,7.1875003888027
17446,6.2157579328078
17447,6.39546033269653
17448,5.96172860780349
17449,3.29356816098456
17450,4.54769897166221
17451,5.95584836249072
17452,3.22662093439441
17453,5.84040867251699
17454,6.23874040098067
17455,5.12286904717814
17456,6.73272365928897
17457,4.89095448992173
17458,3.05290140626438
17459,6.30457843771356
17460,6.1537214158243
17461,5.42422625455338
17462,4.86529929238735
17463,2.07757664283769
17464,5.74485913236641
17465,4.18635175999052
17466,6.10493398945745
17467,7.04851119053188
17468,6.19578507406249
17469,4.75692611654938
17470,2.64293122857114
17471,4.49290362990696
17472,6.58605234554226
17473,3.09361369575957
17474,5.5102070881934
17475,4.97315673260615
17476,5.72731154695276
17477,6.17953469422993
17478,4.37500619374228
17479,3.46255102704949
17480,6.11777299094032
17481,6.62259516019943
17482,5.78407513694239
17483,6.41795909053792
17484,4.97187258144568
17485,6.48907425350623
17486,5.32664033667746
17487,3.36332293658812
17488,7.38971296890126
17489,5.76173570845219
17490,6.13173479799354
17491,4.74260533969347
17492,6.63791202288277
17493,6.69425375162007
17494,4.26526024929748
17495,5.13853562759092
17496,4.28057534310833
17497,5.55478266198541
17498,1.0589092367086
17499,6.73261908184659
17500,5.59738812453105
17501,5.97319147023905
17502,5.93589328147166
17503,5.14182490479743
17504,5.20151819638185
17505,5.00034564090627
17506,5.85467484790982
17507,6.82424913212409
17508,7.38503578009975
17509,6.09551861568434
17510,5.34598744443331
17511,5.15298177901676
17512,5.68655911526786
17513,2.36093927844096
17514,4.46940519286265
17515,6.75239505098984
17516,4.90871455048674
17517,5.21488331335864
17518,6.91353206046791
17519,7.0061771337049
17520,7.33160748238985
17521,6.93685558882697
17522,4.01212127304119
17523,2.94586430533945
17524,6.30105995601649
17525,5.9435391572057
17526,2.76475536515048
17527,4.64407834702748
17528,7.10455225941165
17529,4.31891856622731
17530,5.20686558297386
17531,6.93276374234821
17532,7.22625194155052
17533,6.01857882763566
17534,5.04859509142661
17535,7.41721202611692
17536,5.5827355468775
17537,7.95283600072358
17538,4.10914494148455
17539,4.72017472592054
17540,5.14055221755697
17541,6.15381274155023
17542,4.4103604771624
17543,7.1709111109054
17544,5.12584390228491
17545,5.50505944611184
17546,5.78724925378063
17547,7.78473326510806
17548,5.45005779625917
17549,7.36105758363187
17550,4.79021631281329
17551,5.14965214174014
17552,7.30280992143942
17553,7.33734713002485
17554,7.36932482120438
17555,6.34802518838309
17556,7.54545587862489
17557,5.03558346502572
17558,6.90720493560284
17559,6.58856254619575
17560,4.90494896299594
17561,3.25859139610322
17562,5.97799941440186
17563,4.47082428256718
17564,5.08131387803892
17565,2.95434340269279
17566,7.03824482529227
17567,6.58821075442415
17568,7.65520282184936
17569,3.60931776669397
17570,1.94988790167253
17571,6.38590097362151
17572,6.51597284739334
17573,6.8077611789772
17574,6.76158470653811
17575,6.06106588611687
17576,4.93152199227958
17577,8.30191541469079
17578,3.64504834074628
17579,2.32513067602948
17580,4.143591759397
17581,5.0115460573488
17582,6.83907820112802
17583,5.43074534563532
17584,5.96439161817515
17585,5.2257084146321
17586,7.22983978160118
17587,5.78876726860214
17588,5.64458723245215
17589,6.64762854790637
17590,5.09152300137282
17591,5.41739183751493
17592,5.25783887241675
17593,4.01480520551025
17594,7.20868030848586
17595,5.18318756261366
17596,5.88686050198415
17597,4.07811591760167
17598,4.34715699666839
17599,7.19913166183395
17600,6.25519287298212
17601,5.88365411310038
17602,7.41023462481531
17603,5.87561238851544
17604,6.68829990811836
17605,6.65300707033312
17606,6.70954532086015
17607,4.84852222292413
17608,4.96130884197315
17609,5.3790592805611
17610,7.60432715197029
17611,4.8725286776464
17612,6.2797214705111
17613,4.24136644326824
17614,5.58917254131912
17615,1.15333168565909
17616,6.29224436405845
17617,6.67849634173495
17618,3.22056744629815
17619,4.31810072983187
17620,6.27485023554864
17621,5.39220574057014
17622,7.11691139902596
17623,1.78925597984446
17624,4.58031966670289
17625,4.80235894551226
17626,3.57458010729408
17627,2.30402481957462
17628,6.97476114160774
17629,5.87383669089306
17630,4.99796562376777
17631,6.65947201998668
17632,6.22507165228045
17633,4.85707120159411
17634,5.80473631098438
17635,2.45518447256954
17636,6.73622144202613
17637,6.1772976058942
17638,6.0892969902239
17639,5.83177876068229
17640,4.63214380811061
17641,1.92234040034396
17642,5.51264181170359
17643,6.84359755875384
17644,5.47115835560944
17645,2.24227150207987
17646,6.53153604075533
17647,5.20253795502365
17648,5.22595514047423
17649,6.85415056427088
17650,4.87321159402213
17651,5.2105423844374
17652,7.63584242415053
17653,5.78720639021757
17654,4.62432215186058
17655,4.99874186637571
17656,7.19885520427072
17657,4.76576182237496
17658,6.67054960848157
17659,6.01803902489441
17660,6.46162425860657
17661,6.28686722069049
17662,6.34741597996525
17663,3.75452541876117
17664,3.19191287947879
17665,3.96245132645928
17666,2.72284810490267
17667,3.83053180440018
17668,6.08627395480481
17669,6.994168523009
17670,3.4974055127329
17671,7.56564199637362
17672,4.71718501063714
17673,6.65401327280807
17674,5.21025546805976
17675,7.03584965657339
17676,2.57790762117803
17677,6.13608993745141
17678,7.14643068325347
17679,8.03058774528362
17680,6.30135395050357
17681,6.82845780431441
17682,2.74336683914873
17683,5.70480928967046
17684,5.16180537199067
17685,6.88948323472148
17686,5.05274318523022
17687,5.65659115570552
17688,3.55740226512156
17689,5.10013611312006
17690,5.72385745094251
17691,6.12562921223164
17692,5.24673303073389
17693,5.44525333782004
17694,5.34025539158989
17695,6.70811316388353
17696,6.954165208663
17697,6.06848900858344
17698,7.43123175264873
17699,5.14611946728626
17700,3.3353709518519
17701,6.68201283231855
17702,7.2571429474232
17703,6.78682565838874
17704,6.62783784684836
17705,6.9221976466154
17706,5.91023034248163
17707,4.10099583330114
17708,4.84294526687191
17709,6.00678274880556
17710,4.3550185304104
17711,4.97422533988328
17712,5.26394574425398
17713,3.85498940039506
17714,7.03600317218165
17715,5.943531014158
17716,3.69617138190271
17717,5.85504135493237
17718,5.89206549394704
17719,4.24197735830286
17720,3.08777664385763
17721,5.62449836211622
17722,5.18483408867069
17723,4.26274372337163
17724,5.55863728455895
17725,6.05486564108372
17726,6.24161717893166
17727,7.17537139180462
17728,7.0599824344016
17729,7.62227141344828
17730,4.11740653479726
17731,5.89988203540111
17732,7.39394816155718
17733,7.06753368923679
17734,6.39397055339748
17735,5.63323888555683
17736,7.5954661358275
17737,6.46582646495101
17738,4.17425434200877
17739,6.26197048949142
17740,3.97578671913421
17741,6.51235913463352
17742,4.6515718962094
17743,4.84645018143394
17744,0.790611916885662
17745,5.26613879664069
17746,5.98446814802509
17747,8.15761143198114
17748,5.13594755419951
17749,7.28692626090494
17750,5.24722988486576
17751,6.71621242481969
17752,6.3384142705417
17753,4.47340522418777
17754,6.7235363174568
17755,5.40549165318815
17756,7.46169496866558
17757,5.586302743505
17758,6.25230874658792
17759,5.68744831460826
17760,4.49592374554473
17761,3.72232527948659
17762,6.51044177047319
17763,6.48777066057022
17764,7.18083927087377
17765,6.08465403680458
17766,7.30943036865314
17767,6.18461344144807
17768,0.628388785017061
17769,4.95528971714937
17770,6.07467142036034
17771,8.59809193325398
17772,5.25839961933847
17773,5.82031204875202
17774,3.75266871094868
17775,6.80206654501377
17776,4.03893959685591
17777,5.23333524628736
17778,6.60216071738321
17779,6.08052446608597
17780,5.52195215476148
17781,5.34631230979448
17782,3.6156985079853
17783,5.40654272931261
17784,4.34037116034106
17785,6.39607069608576
17786,6.84410106010288
17787,8.04640879767173
17788,5.3227180052038
17789,6.65364582028508
17790,4.53815227269224
17791,5.15473886183916
17792,7.00285469566252
17793,3.88797659466604
17794,6.41585038355964
17795,4.97744537050416
17796,7.16708659765589
17797,4.13074232653307
17798,5.28791506194653
17799,6.79943440051167
17800,4.69811727018951
17801,6.2751459888712
17802,4.18881316147276
17803,5.42804809041187
17804,5.0177263175808
17805,5.34866077669677
17806,4.89594999450686
17807,6.84721652709157
17808,4.77991308391575
17809,5.37684835410929
17810,8.1703605942395
17811,6.51428204899956
17812,7.62494242727327
17813,5.79277178062651
17814,6.27558391484798
17815,6.63522731592381
17816,7.19035304425942
17817,4.86920426406268
17818,6.10785858016675
17819,6.90872613584348
17820,6.25478365276688
17821,6.91790933144912
17822,5.58697335657622
17823,7.33259687044898
17824,6.17127929082539
17825,4.37168521242193
17826,4.85369169527579
17827,4.29695730583043
17828,6.77602638981312
17829,5.00583986411767
17830,5.7844319348142
17831,7.50444038726659
17832,4.96662605074476
17833,5.98263146249274
17834,5.99320401813822
17835,4.79977829990091
17836,5.8127838507525
17837,4.37152564561579
17838,7.57521654201492
17839,5.62487653837124
17840,5.09023710808524
17841,7.40346111083734
17842,5.61977128562878
17843,6.70286422986857
17844,3.64468523250539
17845,4.54890155509241
17846,1.46397549383778
17847,4.76268081745779
17848,7.36578102498246
17849,6.21005288342915
17850,1.2767416190313
17851,5.38583180485293
17852,7.67963908833087
17853,4.51018223222744
17854,6.88918525419862
17855,3.72600719024546
17856,6.43260975935554
17857,5.17454403143809
17858,5.53401855126587
17859,3.76481576295671
17860,7.00248213468887
17861,8.13935931165164
17862,4.84416347695681
17863,6.98273300673665
17864,5.89510903434187
17865,7.358873987416
17866,7.34222214381257
17867,7.31065406186347
17868,6.33047572151035
17869,4.4206626937768
17870,4.94198944973182
17871,7.04046058559739
17872,6.20803789803711
17873,7.52895040815958
17874,5.07219958691696
17875,5.77512035396793
17876,6.54986276133308
17877,4.06388332626537
17878,6.26408688061794
17879,5.07999623185222
17880,6.23461848174473
17881,6.90691613548545
17882,6.20205686440639
17883,7.59444068058244
17884,4.63122117183077
17885,7.00767605349605
17886,5.08604518831942
17887,6.45489208808176
17888,4.21153888216107
17889,4.80003069438755
17890,7.53402637258634
17891,6.25447879464783
17892,4.70946873168003
17893,6.10600900182736
17894,2.62946663572017
17895,5.93055267603273
17896,7.26880617717238
17897,4.09601152699575
17898,5.82189458224444
17899,6.45194195035669
17900,3.70264993403868
17901,5.59395302098077
17902,7.08142258489589
17903,2.25511149922965
17904,6.97255262661376
17905,4.85483992604828
17906,4.69386432043221
17907,4.11065474704883
17908,6.04847396069136
17909,6.5779428380956
17910,2.98259390415375
17911,6.16210347716761
17912,6.91340102689854
17913,7.92497208395763
17914,-1.08760175271966
17915,4.13645009535856
17916,8.13491496296682
17917,7.35559196386788
17918,6.21969724624183
17919,6.23414151316704
17920,5.02057862434716
17921,4.96645588158797
17922,6.35893626350461
17923,6.91641058301235
17924,7.34132294011464
17925,5.60798758034164
17926,5.7090536485454
17927,5.63016202980142
17928,5.74929590055409
17929,6.20019525345093
17930,7.46710302729572
17931,6.26293802933263
17932,5.09058598099535
17933,4.8344353516869
17934,6.2233925711901
17935,4.34103304814454
17936,6.87759622899936
17937,5.54562095698249
17938,4.59292529299428
17939,6.27955054786883
17940,5.17482797503608
17941,6.17168851921439
17942,7.63781439309575
17943,7.5726728799852
17944,6.62201100409623
17945,6.75862007734614
17946,5.46508449852046
17947,7.46916649728277
17948,6.79841256964983
17949,7.06891050203797
17950,5.6388400380733
17951,6.27190835241874
17952,7.16305130605178
17953,7.37943232615519
17954,5.109253216355
17955,6.16722566407164
17956,4.05409936358774
17957,4.64287273440778
17958,7.03050445163633
17959,5.74729581648122
17960,4.1495950401765
17961,7.97886078683608
17962,5.05515509475426
17963,5.96900506073735
17964,1.04425452480124
17965,7.510919532269
17966,4.15316562572132
17967,6.77919161722502
17968,5.87850822626691
17969,0.699797668246991
17970,6.86180057321853
17971,4.40416847652896
17972,7.26352313326487
17973,5.00091304563893
17974,6.28070158732741
17975,3.79961198861245
17976,4.98583896001768
17977,6.37571657969764
17978,6.08107523471743
17979,5.81821265573515
17980,7.71058555128723
17981,2.80010694968784
17982,2.39063544681127
17983,7.29900421162387
17984,5.66244277230003
17985,6.46010580847476
17986,6.76261024970247
17987,6.39151204142582
17988,5.92055110423205
17989,7.14846169976083
17990,4.04992407919666
17991,6.62886148480399
17992,5.82969272998952
17993,5.55974586768695
17994,5.84893877232018
17995,5.22523056527345
17996,6.5069782871782
17997,6.09811417064086
17998,4.68062202910939
17999,6.95460063091965
18000,3.36253584862505
18001,5.93209402413904
18002,5.78326523738243
18003,6.1839559300749
18004,4.64981554807802
18005,7.03875162398287
18006,3.22829377728548
18007,5.59925681515589
18008,7.1674385738136
18009,5.47557807141819
18010,4.18117324720169
18011,7.58191297782252
18012,0.483290715424155
18013,6.76089986643556
18014,6.9096723180372
18015,3.85305981118282
18016,3.64895661026802
18017,8.09431673179493
18018,6.54390175284323
18019,7.99046616750428
18020,6.69339950111914
18021,6.8565587612554
18022,5.76982575495649
18023,6.07524849064811
18024,5.9481780334667
18025,4.28386744534582
18026,3.58123336053891
18027,5.16396360959066
18028,7.24357844725182
18029,6.12466534273355
18030,2.56996251493916
18031,5.97904614628166
18032,6.77287691723952
18033,7.89601382049335
18034,5.57527858913093
18035,5.64918702691851
18036,7.68063867876096
18037,3.93102704637167
18038,4.79348545158209
18039,4.13453630269469
18040,3.83244229387409
18041,3.32551040832934
18042,7.50987195634358
18043,7.77336654325487
18044,6.65655332851616
18045,4.1656911818854
18046,2.89396334021711
18047,3.92964938438753
18048,4.88550786939471
18049,4.91149534009957
18050,1.82253951637842
18051,7.39465949156679
18052,7.33145005496601
18053,7.25817250451258
18054,6.30462514896396
18055,6.46754694143643
18056,6.15206911643728
18057,6.11834439739633
18058,3.64573350852707
18059,3.99866833923432
18060,6.37744300818904
18061,6.96615404928892
18062,7.5158355377405
18063,2.89174896800762
18064,4.47365002851917
18065,7.85824703896856
18066,6.98666580698097
18067,2.93808624970706
18068,5.8399313174282
18069,4.51862750464269
18070,2.92738311354624
18071,4.63360715733811
18072,5.37667638156644
18073,4.0437910225159
18074,5.7535491960991
18075,5.23851469520773
18076,7.72007743663819
18077,6.38736332903597
18078,4.58843639845345
18079,4.28950924751472
18080,4.98213197748446
18081,4.85594930254672
18082,4.35917200128117
18083,7.49172733346974
18084,6.25862420907244
18085,5.57517099431693
18086,6.43141269638151
18087,6.75714620233405
18088,6.93987312425289
18089,6.18454521526648
18090,4.58953692083705
18091,5.54514280716736
18092,6.737530239
18093,4.86393408683799
18094,6.81459665372149
18095,7.56304274494411
18096,4.03734972345899
18097,5.59394091585145
18098,2.38869856834183
18099,2.91517190973571
18100,4.1617079891377
18101,4.24702398217737
18102,6.00355776875016
18103,7.56767433903253
18104,6.0144804253941
18105,7.04049616284507
18106,5.48037149223256
18107,4.5086304969102
18108,6.37659565340684
18109,3.91214009518224
18110,3.79404547431556
18111,5.82016247563572
18112,5.10774443626511
18113,2.24188561527738
18114,5.44873190685345
18115,5.39563217943071
18116,5.37905083898575
18117,5.31528524548988
18118,5.31896422079504
18119,6.39972041983534
18120,6.24175676688121
18121,6.94080256917385
18122,2.76656915801434
18123,7.37376794364921
18124,7.27314746623008
18125,6.57716033546596
18126,6.11349677232865
18127,7.59306869711054
18128,5.11180336222056
18129,4.00888700468164
18130,5.55812930915922
18131,5.50497662731295
18132,7.6455318931966
18133,4.95090512811839
18134,6.7896459227649
18135,6.09440762693173
18136,5.00463709894003
18137,6.61292009698203
18138,2.80457306759551
18139,5.14723337432065
18140,4.99533802687238
18141,6.35007511836215
18142,4.76642414573225
18143,6.53790047809721
18144,5.88528666999697
18145,6.37385066755033
18146,1.85037701644085
18147,4.43246270952816
18148,4.87742661511939
18149,5.82563952076269
18150,3.36200799578836
18151,6.60434738328289
18152,6.25394179372327
18153,7.71669054086114
18154,3.17875023798076
18155,6.47257259760009
18156,3.50799844164609
18157,7.36669062824227
18158,4.96265932222436
18159,7.04594176114063
18160,7.633918846247
18161,5.44918230546888
18162,5.63638589782797
18163,4.8569257646335
18164,5.43756013263787
18165,6.39113301012891
18166,5.51165109575518
18167,6.26037112359634
18168,6.95720545960857
18169,3.80598523249084
18170,4.75662833756374
18171,4.5939713162288
18172,6.22685744826566
18173,5.85682968215041
18174,4.95263583934703
18175,6.17799754965552
18176,6.94142142788636
18177,2.94492503564244
18178,5.49777482270792
18179,7.04341054905583
18180,6.60667663129292
18181,1.21787276072624
18182,4.55320698746986
18183,6.75933600651328
18184,6.38571121880992
18185,6.81060593584471
18186,-0.619238442161213
18187,5.2656434630917
18188,3.69062111742104
18189,3.75558686615235
18190,6.88020372078547
18191,2.77574704111492
18192,6.99595128101462
18193,7.01160474702336
18194,6.08035586352767
18195,5.06552788950654
18196,5.34349454706545
18197,7.77585987779995
18198,7.52922418207976
18199,6.14510076814342
18200,5.66261618201047
18201,6.52066619757874
18202,5.75516296807996
18203,6.46869889605233
18204,4.08685786550745
18205,5.78801511880249
18206,6.2004989148045
18207,7.42397849529771
18208,3.21355938032823
18209,5.75542465222898
18210,6.2638360248382
18211,3.8595638168453
18212,5.35151269666575
18213,4.64822537521036
18214,6.80938942438667
18215,-0.192452924951923
18216,4.87294531623679
18217,4.84101615759231
18218,3.67318621150642
18219,5.95985812299369
18220,6.05303616769196
18221,6.03882015436657
18222,1.82280754661348
18223,1.73965331784804
18224,6.42773656066481
18225,3.20486349601184
18226,6.23440478238928
18227,5.55935067388055
18228,1.88960329688641
18229,4.66898071591333
18230,6.8206468481154
18231,5.81234257364926
18232,4.30852272851325
18233,7.36264412583249
18234,5.5410500293859
18235,4.37407224157488
18236,7.4055138031644
18237,4.12495633286322
18238,6.15522497507158
18239,6.2712529619584
18240,7.76324395161068
18241,7.24240125534897
18242,7.57566326558538
18243,4.75485931154822
18244,6.57749920660431
18245,8.07265203571437
18246,5.75385496936168
18247,5.57414268320377
18248,4.56080851940009
18249,4.8717327551921
18250,9.15861061041183
18251,7.03682062000185
18252,6.65921885198971
18253,7.64772964689955
18254,7.33568757520237
18255,6.83914645582829
18256,5.10723479370576
18257,6.74965563430552
18258,2.56245100060276
18259,7.78354332622563
18260,5.47092730938329
18261,5.23724469596419
18262,4.84554168372269
18263,4.74186364681973
18264,5.81123961938152
18265,8.22238229434518
18266,5.54431790016129
18267,6.0524716366325
18268,5.91915633470889
18269,7.67945024881359
18270,6.9139621561181
18271,5.08933218628746
18272,5.53805364504595
18273,5.35186676049547
18274,7.26763284875586
18275,6.964906011584
18276,6.14305640183533
18277,6.5052480305657
18278,5.62977505399351
18279,4.07346872395823
18280,6.01376895112953
18281,6.27947730188168
18282,5.9857106119079
18283,6.93311955762233
18284,7.94337631279658
18285,6.83180516941778
18286,5.6626671355723
18287,4.49339779840753
18288,6.00092778835935
18289,5.03328587941141
18290,7.98443453833386
18291,4.24835201429734
18292,2.84170282362593
18293,5.97769063964777
18294,6.48262657669942
18295,6.90457507200896
18296,5.49898258349619
18297,7.38238740439732
18298,4.3853090100225
18299,7.13654851841318
18300,4.1298064474793
18301,7.14290106553802
18302,4.58253309331559
18303,6.49538058984947
18304,6.68931384077281
18305,1.9234274200206
18306,3.75439054326578
18307,6.69745592318443
18308,7.80505043116497
18309,3.3739539203476
18310,4.32393213291977
18311,4.72999758666661
18312,4.71222565663287
18313,5.38291468943777
18314,3.25283724467168
18315,3.22684300341631
18316,7.21585691320778
18317,7.06128906874333
18318,6.88459728099172
18319,6.85253593789312
18320,5.77115402358298
18321,8.1971593278528
18322,6.7288896965986
18323,6.21058005344611
18324,4.69196797606095
18325,6.91064330555452
18326,6.81125170505958
18327,5.94201816495005
18328,6.58119153828635
18329,6.97947803510646
18330,6.19488072345883
18331,7.00362197466853
18332,7.40578403308771
18333,5.04355059290715
18334,6.54752691189797
18335,6.0940619564264
18336,7.85012158858344
18337,7.04224773545576
18338,6.37569723922006
18339,7.85946059982626
18340,6.56594194030475
18341,6.13485287490581
18342,3.69431839945457
18343,3.03329549648663
18344,5.05839065160136
18345,5.48803482560244
18346,5.59957129927051
18347,5.55586992905359
18348,7.59170212902306
18349,2.48541031879931
18350,1.79539231181675
18351,4.60833022760754
18352,7.34082619068834
18353,6.88027163590294
18354,7.22429811036006
18355,4.13106605729207
18356,6.62367312753142
18357,6.3344773396652
18358,5.41559561703809
18359,5.47364762697695
18360,5.71811675674762
18361,6.93893748073337
18362,6.19407587010582
18363,6.91111828145157
18364,6.54733565448023
18365,6.52410270991602
18366,5.62632867272082
18367,6.41843897513897
18368,6.81406974833062
18369,6.65271651839553
18370,5.84426563404355
18371,6.7526214868424
18372,1.98680863803576
18373,3.09720524786939
18374,5.76733311062308
18375,7.58847600397862
18376,6.65259680443168
18377,6.66405007081284
18378,4.56508407774405
18379,6.4938751493365
18380,4.80060515889722
18381,5.74754718118963
18382,7.27622774072269
18383,3.36153015703637
18384,8.87161626675003
18385,6.4679808945813
18386,6.73952574959573
18387,6.43802719826204
18388,6.0501252706861
18389,1.94656051238289
18390,5.46092595788548
18391,5.50978857912151
18392,5.74622357069776
18393,6.64927679038792
18394,5.48472946716531
18395,7.90699663284274
18396,5.90419193736627
18397,6.49159197749776
18398,4.05471510285883
18399,4.63077539230153
18400,5.09129419866531
18401,6.19963411023787
18402,6.85453276481793
18403,5.33558365732314
18404,7.13469030199822
18405,4.50654377729915
18406,5.15742452558158
18407,6.4380250297288
18408,2.29694718168703
18409,4.42471944833548
18410,7.79173906980025
18411,2.74382612576997
18412,7.49517505529022
18413,6.25259910420029
18414,6.40430901072478
18415,7.49941988705038
18416,6.44401662877331
18417,4.62054089827587
18418,4.90181338873809
18419,-2.20224581545467
18420,5.76959918907947
18421,5.58871524460082
18422,5.1793149869466
18423,6.59872154958112
18424,7.12740734473259
18425,6.25435722300749
18426,4.02605853666073
18427,7.6881197687867
18428,6.92891855997678
18429,5.38455960520745
18430,8.0927927260887
18431,4.7819401135527
18432,6.91207233362462
18433,6.24760291002638
18434,5.69977869812391
18435,5.410368742645
18436,5.615766111817
18437,5.47848425626046
18438,7.53838577079944
18439,6.51845899070578
18440,5.91536082849478
18441,7.56486589250795
18442,6.21742507061322
18443,6.88271277892269
18444,5.60489961476793
18445,6.07355571469108
18446,5.26631641108458
18447,6.20847977217239
18448,1.64140834478584
18449,5.25474354325542
18450,7.16316594344476
18451,4.81238744765836
18452,6.33344472032688
18453,7.01718949462813
18454,4.52910301048261
18455,6.88642503139406
18456,6.46761640500362
18457,5.10829961997586
18458,3.90080903394427
18459,6.94381507181392
18460,5.50552501368526
18461,5.60803478115782
18462,5.44085169794781
18463,2.58226924792862
18464,7.10496751153035
18465,2.24867877008899
18466,5.52825993693987
18467,3.53613432333239
18468,4.65706872338279
18469,5.19075180468624
18470,6.86941140526569
18471,6.57795030470509
18472,7.26142356408599
18473,6.29843796173252
18474,5.37235482256312
18475,5.67901387080695
18476,6.37855752968924
18477,5.97107090335082
18478,5.69801483400484
18479,4.9178084047692
18480,7.20063385551222
18481,3.76162002948137
18482,4.84982541711506
18483,7.64787327735116
18484,2.86246811174612
18485,6.07934041489871
18486,5.16618963316428
18487,5.4438077338203
18488,6.29093327649254
18489,5.37093003412546
18490,6.3968376039491
18491,4.45428044523171
18492,4.80852839148718
18493,6.15995242923002
18494,5.23285080543806
18495,7.0990482346183
18496,6.7431473879731
18497,6.32488497985391
18498,-0.214975183001934
18499,5.32334115683954
18500,7.86321588502511
18501,5.95352081929968
18502,2.96092903159066
18503,5.58883494592481
18504,7.40511788302254
18505,4.9841905296417
18506,2.79694058109105
18507,6.22308212435973
18508,8.00745741287785
18509,7.10013979890339
18510,2.97179741681337
18511,4.96311188387352
18512,4.10274474351809
18513,5.65651712017408
18514,5.45001653214451
18515,1.85524565841377
18516,7.4168119849988
18517,2.41052526083969
18518,7.72745222917573
18519,4.98901414427947
18520,7.59540036356101
18521,3.15717146847718
18522,5.65291200904227
18523,7.798638719738
18524,5.81228660075615
18525,6.57220654965008
18526,6.13026185774678
18527,1.25580605978337
18528,3.56791293579493
18529,4.75853490288918
18530,4.58647959172813
18531,5.40649831690589
18532,4.60067398616297
18533,5.46925875911759
18534,6.1681492988002
18535,7.61040163116885
18536,6.34273636032949
18537,5.70831556151255
18538,6.53550608269846
18539,7.12938143313276
18540,6.67029430108005
18541,5.35038338595608
18542,6.81094382732321
18543,5.32186252743038
18544,5.28463555377474
18545,5.54385055517914
18546,6.11687287549851
18547,5.1088566061506
18548,5.89463931470977
18549,7.24683301311548
18550,8.43314516914363
18551,5.05985304842
18552,5.24585828793369
18553,7.21949439340404
18554,3.93242716102697
18555,6.4780533190407
18556,6.29409261765273
18557,6.78591538426466
18558,5.74589565412728
18559,2.73542040112601
18560,5.81107252147556
18561,4.89845475949093
18562,2.51175069925923
18563,5.50377509683004
18564,5.55936743636435
18565,6.54386179654109
18566,6.85041961700917
18567,7.71828715578887
18568,6.88733237893009
18569,3.27457551045936
18570,6.59650344619472
18571,7.00424996245328
18572,5.97066246491527
18573,5.05071483687357
18574,5.86700868902279
18575,5.81056093242362
18576,5.25924847559666
18577,3.44503082395293
18578,6.59481109553688
18579,4.3711425612843
18580,6.76851396989869
18581,6.28941421206001
18582,6.53299948373923
18583,6.37992192748249
18584,6.97234939540484
18585,5.75495383595312
18586,6.77666884958423
18587,5.48527550343253
18588,6.32345368813512
18589,5.44013327571103
18590,7.13629677281465
18591,6.30756411002248
18592,6.2557926680821
18593,4.94143428653618
18594,6.24148216933579
18595,5.20018297739672
18596,5.69770643532861
18597,3.38275588317045
18598,6.23201767204316
18599,4.90747668375473
18600,6.6740212427403
18601,7.29878869297647
18602,4.23504532530834
18603,5.84481664788764
18604,5.19989869346502
18605,6.55903137969292
18606,5.93129247819724
18607,5.84663265384918
18608,6.09131947152301
18609,6.53491250323646
18610,5.68773936467417
18611,7.15576497332546
18612,5.85348100687711
18613,2.23813688792597
18614,5.95430579043358
18615,6.77188721647604
18616,7.25619185456935
18617,2.95205289052801
18618,5.91506618353277
18619,6.7995360973206
18620,4.54681101090666
18621,5.10121109325647
18622,6.22146998973875
18623,2.98961148898806
18624,7.464923947768
18625,5.63555990306749
18626,6.4401510533485
18627,7.09109142866296
18628,8.45505502289657
18629,7.17996447188701
18630,4.95640411042351
18631,4.28806428596274
18632,4.81412184410437
18633,5.74133430016774
18634,7.33051581228451
18635,6.94126547918993
18636,7.18758539010296
18637,6.89029484730125
18638,6.72393699832524
18639,7.7015565224396
18640,7.07660987507795
18641,6.34130129691042
18642,5.29066357257582
18643,0.4506280109694
18644,5.8833636966448
18645,5.10763283286798
18646,3.83815661343694
18647,5.85403159843121
18648,3.1675718174839
18649,6.80635363977681
18650,4.73409592067805
18651,7.63857152385706
18652,0.947421375118766
18653,6.68931711988785
18654,6.19144894934994
18655,5.14430248964102
18656,6.17910070495967
18657,5.59212104867333
18658,4.64262211717933
18659,2.49648225426382
18660,6.39680145286294
18661,8.11815972317807
18662,5.91789706688108
18663,7.45839931738284
18664,6.70092309871506
18665,5.65403007361005
18666,7.52548126346541
18667,6.12335347867572
18668,2.68304087531873
18669,7.39120324289177
18670,6.41344579000282
18671,7.14082179903783
18672,5.66148761031194
18673,2.1559251781898
18674,5.70271273025392
18675,7.17549725357615
18676,3.53670926318908
18677,5.84444528963739
18678,2.96384380896924
18679,4.76311189689052
18680,5.50538909487578
18681,7.31266897997461
18682,5.92715069141252
18683,6.17274702500158
18684,6.45473750790901
18685,4.05376663882443
18686,7.38591439657808
18687,6.99427891264709
18688,5.05105790142258
18689,6.45613430531144
18690,4.16193176225966
18691,6.40897821004371
18692,6.37965972555045
18693,6.79789804391173
18694,5.608730775257
18695,3.82890163496113
18696,5.61795445910621
18697,6.03201833997497
18698,6.06177223599654
18699,7.14942623122278
18700,8.30741696562674
18701,6.80040194991457
18702,6.55263615841076
18703,5.99158682102089
18704,3.06332072158256
18705,6.83344031648555
18706,6.04540835767722
18707,4.75280904088512
18708,5.99341328036281
18709,5.38250277055026
18710,4.0397913628768
18711,6.96587591379747
18712,5.09693326716754
18713,4.90231841921709
18714,6.52996523627684
18715,5.63018438507563
18716,5.73599583488256
18717,4.12197219219403
18718,4.36117435034206
18719,6.3777093211813
18720,2.08905570231711
18721,7.91663201630104
18722,7.35953175501387
18723,7.10093612615987
18724,6.53404010487941
18725,5.9710134614973
18726,4.13918641656899
18727,6.64544735992221
18728,6.51822506183154
18729,7.08982934695031
18730,5.83519120277556
18731,8.18379461670415
18732,4.24310501192519
18733,6.37902693189211
18734,7.30993437148141
18735,3.90390959585543
18736,7.45732753969118
18737,5.56073163183224
18738,7.07469418957653
18739,6.53583332274169
18740,5.94366840594181
18741,5.78306477678682
18742,6.11495065489709
18743,6.02373694106379
18744,6.46705196876059
18745,5.42912593725482
18746,8.20719462912588
18747,5.80951239980715
18748,5.852678246643
18749,5.86156978292989
18750,3.53383172898101
18751,4.539437959867
18752,6.42189677120514
18753,6.35978587726377
18754,6.39773697701967
18755,5.45644848312321
18756,7.31600615725084
18757,6.04928542241681
18758,5.12638084111464
18759,5.46330305563562
18760,5.84722053827093
18761,6.12546463777967
18762,5.00350714150445
18763,4.12828509730601
18764,4.81200275725098
18765,3.55247774493904
18766,4.52692154473977
18767,4.68419884602514
18768,4.25573020029366
18769,3.76970569045967
18770,5.99058181391624
18771,4.74033877713156
18772,6.78381002884958
18773,4.59336470715003
18774,4.69858006660122
18775,6.87939369825066
18776,7.23041228669743
18777,6.69006721234671
18778,4.5931592060943
18779,6.26039208928042
18780,6.39163668286899
18781,6.39709547334373
18782,5.86517074858758
18783,2.93397840420275
18784,5.08236758226566
18785,5.11069503577408
18786,7.35689425527026
18787,6.91471795590024
18788,3.42444283878027
18789,5.30317334240584
18790,5.89277700536753
18791,5.18696441280744
18792,7.47424549246127
18793,7.44300230017052
18794,4.13645610219935
18795,6.09354205785347
18796,1.88300541565973
18797,7.17336493943364
18798,6.36447772105447
18799,5.42089894721459
18800,4.78609571150204
18801,7.05213186856265
18802,6.36902940469389
18803,5.65074151360629
18804,2.50074971541348
18805,8.03064071625374
18806,5.52212776702439
18807,7.5922456791737
18808,7.31239537614431
18809,4.884486333257
18810,5.86988961190862
18811,6.96674040279379
18812,0.430311924283424
18813,3.28495314201328
18814,5.23767249429288
18815,5.51658721411824
18816,6.81694694091811
18817,6.24294067124149
18818,6.46812615999257
18819,5.98190031969295
18820,7.86934687571613
18821,4.88492007279875
18822,7.0421564449052
18823,7.22149363971738
18824,5.22267012241244
18825,6.60099430574724
18826,7.58265968564056
18827,6.81666544396047
18828,6.99171384068138
18829,6.85873179311806
18830,-0.620675859014906
18831,3.12540362035941
18832,6.967458224056
18833,4.9186751055726
18834,6.1687302597513
18835,5.47898823178838
18836,4.50110119904827
18837,2.95351742579602
18838,6.10045477817897
18839,5.78379945769486
18840,5.20590658939286
18841,5.35397223830916
18842,6.56912475389894
18843,6.20514388123125
18844,7.81750830008114
18845,6.72380627772501
18846,6.81514081964139
18847,4.53362220068136
18848,5.62168609627438
18849,3.33168155420214
18850,5.58243955484072
18851,5.88011051863282
18852,4.47016896927827
18853,3.65857374991207
18854,3.33315783153572
18855,5.40219600243144
18856,5.67255526230651
18857,7.09070402594557
18858,2.66137176916984
18859,6.80733453574229
18860,4.59598776935569
18861,5.26491545311085
18862,6.76628492794262
18863,5.18663096562286
18864,5.51365715793056
18865,5.20997379400065
18866,4.83904760672462
18867,5.09103300988168
18868,5.16869906429864
18869,4.35989799565277
18870,6.14136369206375
18871,8.27500760797876
18872,6.84051150425926
18873,5.36254926502964
18874,4.79904016069416
18875,1.78935998755113
18876,4.50707611544034
18877,6.00857411229744
18878,5.71751352281852
18879,5.67361560339537
18880,6.25123158317827
18881,3.36238936325776
18882,7.06438425373062
18883,7.03347714539674
18884,5.60386025882243
18885,6.14279562488618
18886,5.83860551002688
18887,6.74758750790278
18888,7.38439002378954
18889,2.27132957434473
18890,4.84087458846468
18891,6.32755863744631
18892,6.95104267716498
18893,4.80047933880811
18894,4.63027395832174
18895,3.80203617053102
18896,6.08092036658674
18897,7.78464312586721
18898,4.03999775390304
18899,7.9265009785639
18900,4.04895475642034
18901,6.60063093874929
18902,6.70833319014178
18903,5.19350526846462
18904,5.45483794072795
18905,6.07232135524181
18906,6.51941449130766
18907,5.4143036120605
18908,5.95139500338801
18909,6.66040638133095
18910,5.69637571624845
18911,4.46905373766866
18912,5.08845949146042
18913,3.37906923247341
18914,6.93597124783764
18915,3.07859722677325
18916,5.17204769666954
18917,5.59013872046931
18918,4.30588201197754
18919,6.29468876652465
18920,7.86545931910621
18921,4.71129799721588
18922,4.64327238307908
18923,3.93926745095031
18924,7.52829215386765
18925,4.36194185705716
18926,6.58521538366623
18927,4.66705167642979
18928,6.83653367338759
18929,6.54853632806794
18930,8.73359093033194
18931,6.78594788835135
18932,7.01046605240575
18933,0.284907442803213
18934,3.80375476036711
18935,5.98463512162534
18936,6.99936326964643
18937,6.49057608932586
18938,2.4540563990434
18939,7.25797550581428
18940,4.14906225599887
18941,6.06605055039745
18942,4.93473671271597
18943,5.63864840664823
18944,5.54841155805681
18945,6.80652047002088
18946,7.34229681036833
18947,6.53316213727915
18948,6.63918519072761
18949,5.28897468941704
18950,6.59747094411821
18951,2.34867151055599
18952,7.27747451331847
18953,5.84254756772471
18954,2.30966901938161
18955,5.92751520482684
18956,3.89280656736477
18957,1.55722340399201
18958,5.7372739568956
18959,7.45169172322719
18960,7.32569302442785
18961,4.35212009851414
18962,5.69638733470992
18963,4.38917632592143
18964,5.74954659153894
18965,5.33616000859059
18966,4.37722001856245
18967,4.78918126250783
18968,6.14613759762616
18969,5.67726965882443
18970,8.25049024352743
18971,6.06797445406341
18972,0.530536964309786
18973,6.44387834348639
18974,4.46018522584885
18975,6.41634795651888
18976,6.91698073555694
18977,7.22633168657634
18978,6.52605469121934
18979,5.43653481700966
18980,4.4758399228379
18981,5.88172046111961
18982,6.39247823593027
18983,6.83697160811841
18984,6.89815005455193
18985,5.88037308160822
18986,4.40742944525671
18987,6.41589585724598
18988,7.61542273812021
18989,6.72603489201208
18990,6.51217032363252
18991,7.42795494311146
18992,6.53154627089258
18993,6.04199823579437
18994,3.18388398474835
18995,5.39352772701566
18996,6.70550525258107
18997,5.68423837303655
18998,0.535501969288048
18999,6.51690425140699
19000,4.37378152744171
19001,6.21925908193437
19002,3.22869501746743
19003,5.3263831486685
19004,5.12090283520852
19005,4.18519408366159
19006,7.978844833964
19007,3.23857820948021
19008,3.47974601773217
19009,6.77480403342827
19010,3.69283948356729
19011,6.8803483871035
19012,5.68953743484902
19013,4.95790634138184
19014,5.18095949665416
19015,6.48526766400561
19016,6.50460583245806
19017,5.68671414790333
19018,5.90963095153039
19019,4.62021181295729
19020,7.26870843056524
19021,4.0019933298382
19022,6.04230396746946
19023,6.17650360326726
19024,5.84544965541831
19025,5.93421024772887
19026,3.34123578489431
19027,5.69688089548419
19028,6.19935630942185
19029,3.81788182598424
19030,7.82310599463432
19031,7.4721036571234
19032,5.97639091603724
19033,4.68247850430842
19034,4.63427718043944
19035,5.05642415032365
19036,4.52809536962385
19037,6.31081618146114
19038,3.81400848912692
19039,5.2187209835411
19040,2.98720376962495
19041,6.43465427965473
19042,1.93717510014376
19043,6.21556613515782
19044,2.24122395329054
19045,3.4410946990242
19046,6.14147100738426
19047,6.76014958136672
19048,5.81487255823905
19049,2.81827645287977
19050,6.0262675919545
19051,7.151727303099
19052,7.5284160415892
19053,7.25437427070694
19054,7.33259242609269
19055,7.36316368895987
19056,7.35947524229091
19057,6.73784955847795
19058,5.47279772005956
19059,2.67302005244506
19060,5.11154055789764
19061,4.94264314487936
19062,6.67324521758395
19063,6.5802084600065
19064,3.68684132997573
19065,6.65650882927491
19066,2.93355384242276
19067,5.0185087656227
19068,5.53250609455376
19069,6.60171829867316
19070,0.657367521817105
19071,4.36246234148961
19072,6.86630779912933
19073,6.40577603006003
19074,6.10504205394187
19075,6.18928443771557
19076,5.71434468998641
19077,4.43689040836361
19078,7.66275400610506
19079,2.36811616786181
19080,5.88173857311749
19081,1.12881131552098
19082,5.77167020704695
19083,7.50846282034955
19084,5.27106650731714
19085,7.86066138074955
19086,6.2439600907932
19087,5.39399897708983
19088,5.93018040878801
19089,7.51240783524679
19090,6.8159278216496
19091,6.0286913752481
19092,5.89836514692912
19093,4.96564240607253
19094,7.07569612526664
19095,5.52402778167445
19096,6.92889429148866
19097,5.2080785976081
19098,4.88398631832108
19099,5.32147397097394
19100,6.9532041053641
19101,2.80606927540987
19102,6.40274248063799
19103,6.90827086004124
19104,6.59070019925657
19105,2.92661010174065
19106,7.12543372174929
19107,5.3553232019349
19108,6.26846745159086
19109,4.94128061260647
19110,5.42158088434672
19111,6.7957392384526
19112,5.91039898984937
19113,5.15201739159743
19114,6.22347097955724
19115,6.84498453850316
19116,6.45924349015615
19117,7.08925934011395
19118,7.34075770361677
19119,5.76916355837511
19120,4.87398669860415
19121,5.59264054896881
19122,7.13863694784379
19123,5.72056834662337
19124,6.43601471338984
19125,6.46412720801358
19126,6.21922558449576
19127,5.48095279835967
19128,4.59417989376804
19129,6.20880845007301
19130,6.79838396625303
19131,8.03448283814553
19132,6.68834179961659
19133,5.61029282222595
19134,8.37692847307936
19135,7.54460434858784
19136,6.50837302721228
19137,4.80959722099749
19138,2.5487007518411
19139,6.54142095258875
19140,3.65863420100437
19141,7.43909353232966
19142,7.0596307851007
19143,7.21463877968574
19144,4.36017843646558
19145,4.99318582609334
19146,6.6738737755297
19147,4.31045898710875
19148,7.29190185671838
19149,6.03467448411745
19150,7.48961569735223
19151,2.01503602169924
19152,7.61461881336198
19153,4.4984824059986
19154,4.75165492002698
19155,4.8536028040347
19156,2.85998952527832
19157,4.19119311271388
19158,4.70347682488194
19159,6.92782129780915
19160,5.0610547591078
19161,6.92508304413452
19162,6.72497847341879
19163,6.94618267679625
19164,6.0373737295062
19165,5.07670739684367
19166,5.49600090434109
19167,3.64752291475908
19168,4.98742181443282
19169,6.97927977455919
19170,6.78237104803435
19171,5.23764313914952
19172,6.10340416552891
19173,2.99149214003551
19174,5.6558001110425
19175,5.31523836681525
19176,2.63854339305778
19177,6.30017749935695
19178,5.08845020407777
19179,4.87366214508498
19180,7.30147601633666
19181,6.45669145934068
19182,5.21827711280141
19183,7.14589586228975
19184,6.73302696434815
19185,6.73204304062702
19186,5.60356544868324
19187,4.4869483018389
19188,6.27810044534354
19189,6.30000056198729
19190,6.35447137429792
19191,7.70858044972688
19192,5.62035147345466
19193,6.33256399534973
19194,5.77581207921703
19195,6.00022908393895
19196,2.54529775023347
19197,7.11756801380741
19198,5.74419850721122
19199,6.26717224373445
19200,6.01318835401529
19201,6.71706398969488
19202,6.93495867263739
19203,6.07020133645195
19204,6.3537749550089
19205,6.47623956088079
19206,5.56465799888627
19207,5.68194666709476
19208,4.57286205299699
19209,5.36748798261671
19210,5.3727922270847
19211,6.01233926765611
19212,4.46693040792057
19213,3.71018185226293
19214,7.7522215871598
19215,5.24497848762802
19216,6.13149149117353
19217,7.01138002853165
19218,5.57355751147205
19219,2.9344775900751
19220,4.79973032730543
19221,4.72513067859285
19222,5.85586907937079
19223,5.53850395508555
19224,4.07649705172798
19225,7.17924947756175
19226,7.74125502583617
19227,6.08655673498046
19228,6.9226069002852
19229,6.33061882877868
19230,5.21095183942913
19231,5.49089746516159
19232,3.4662761743715
19233,1.57226889725886
19234,5.89216772415975
19235,4.91910209449332
19236,4.42622414543525
19237,5.44225897933825
19238,5.22285655916008
19239,4.85542824525534
19240,4.8078703468463
19241,5.98980987587464
19242,6.40796556174654
19243,5.75994377013211
19244,5.3548756518557
19245,3.63024206870891
19246,4.70888010881454
19247,7.11466747757667
19248,5.11145892504643
19249,7.53900937584681
19250,4.00611474887413
19251,8.30190687858978
19252,5.12560652338469
19253,6.42372897480583
19254,6.34535510690851
19255,2.59301043544586
19256,3.68537629697075
19257,4.43580043067291
19258,5.50263095697166
19259,3.76344289451309
19260,7.04148048580097
19261,6.36954121012979
19262,5.15382639718334
19263,4.59030927141121
19264,7.99742802481116
19265,2.9709323729605
19266,5.5902957387778
19267,4.11310228994799
19268,4.39659438684431
19269,6.37904619832327
19270,2.8064230947302
19271,4.1853058597167
19272,4.79978727611101
19273,6.12689440902916
19274,6.65786738807354
19275,5.63394598148579
19276,7.65171149875829
19277,3.60791668582732
19278,6.80910729059114
19279,6.30315834238488
19280,5.6121303268334
19281,5.67198808502847
19282,3.66937676328078
19283,4.92118684324186
19284,7.18348975651648
19285,4.40275582868503
19286,4.85855742765781
19287,5.55562702971791
19288,5.90409693774066
19289,5.77214784441744
19290,5.64176833261584
19291,5.35038533026208
19292,6.58044508224859
19293,5.90989633777774
19294,6.50605806314324
19295,6.50760479520995
19296,6.36324435851574
19297,6.75637169312036
19298,5.38742815319488
19299,5.98975343660915
19300,7.38935514643488
19301,4.8200505966424
19302,7.22136493480491
19303,5.34209576380085
19304,5.15250913297145
19305,6.31671596478498
19306,5.5285579047096
19307,4.99030429740858
19308,7.17533599068571
19309,6.7728967066201
19310,5.7707720044853
19311,3.41891380602996
19312,6.31266310927749
19313,6.39452928234808
19314,7.36112502118986
19315,6.71794367034543
19316,6.19226431399939
19317,4.33678251483844
19318,6.75845053014528
19319,5.93753282346685
19320,6.00552575502758
19321,4.00343618139896
19322,6.65930355350049
19323,4.89499520091981
19324,6.45266388985304
19325,3.76099068504909
19326,6.62690993368071
19327,6.03082019064324
19328,6.00510095965863
19329,5.05936847186835
19330,6.6328023557243
19331,5.89975378406933
19332,2.59589471377636
19333,6.84142190275752
19334,7.81721305054275
19335,3.74952425142766
19336,5.19982599694472
19337,5.56018216055112
19338,4.65577586491421
19339,7.22109460700869
19340,7.07786274526162
19341,4.04738356753731
19342,6.78388737107244
19343,7.4598177103656
19344,5.77898313221698
19345,5.69871588715154
19346,6.51421145040517
19347,6.95492004419693
19348,5.78075155191793
19349,7.41713847564333
19350,4.12153727666123
19351,7.71578004953915
19352,4.19334645061947
19353,5.41219310614019
19354,7.02198231269555
19355,7.3521086769023
19356,6.15422229338591
19357,6.78821011830094
19358,4.48068567188482
19359,7.08441887837549
19360,5.58276884796238
19361,5.7319807929277
19362,6.66955923432975
19363,2.63047243329848
19364,4.33064363518109
19365,7.67269447626892
19366,6.77559565353429
19367,5.52182022705478
19368,5.7886528009736
19369,4.54671849133102
19370,5.55470645382473
19371,4.40226395612654
19372,5.27917967544435
19373,5.42626675621536
19374,5.12134382985307
19375,5.13705516025872
19376,6.58482208738472
19377,2.42250151315723
19378,4.49470103182844
19379,5.85226120511832
19380,5.52200001414721
19381,6.88507934085169
19382,4.42466674435936
19383,5.79525769976593
19384,5.2950283631653
19385,3.30072347814904
19386,4.84189182382459
19387,8.2318422591703
19388,4.16936639925946
19389,6.0525879615362
19390,2.50575775938474
19391,6.77120873044192
19392,6.6346632312647
19393,6.605291164628
19394,6.22813453204044
19395,7.65188373721201
19396,5.61256520873687
19397,6.59916163530372
19398,7.53760579967974
19399,6.07060859710325
19400,2.90669649190291
19401,3.03354078105186
19402,6.75142037724029
19403,6.29997412959087
19404,7.6434495722339
19405,7.3837206710236
19406,5.7862230396621
19407,6.62267451905105
19408,5.16464328730027
19409,6.78115430787075
19410,6.28047815005313
19411,5.90715072312385
19412,5.28575808486356
19413,7.67313065024579
19414,6.7302012101077
19415,5.76071313039582
19416,4.99833595872736
19417,3.24769747440523
19418,5.616889006729
19419,5.01341702698932
19420,6.62927388822716
19421,4.52260376560002
19422,3.08500975628321
19423,6.09256406945996
19424,3.61168522842134
19425,7.1817197436309
19426,5.72777570078983
19427,5.94051119378193
19428,5.62786332670659
19429,6.9418602443682
19430,7.17814769646683
19431,7.35264700362134
19432,3.80730804258859
19433,3.76117906331855
19434,7.4028661252864
19435,5.45616142763267
19436,2.02193522065821
19437,7.13824032245562
19438,6.68703179945754
19439,6.79779818564001
19440,4.3249675193362
19441,6.51252834332742
19442,7.07516679695754
19443,4.96353683357147
19444,5.2669859019579
19445,8.25110369495537
19446,4.20742080158866
19447,0.987959137833331
19448,5.35936058539501
19449,6.09455603711592
19450,2.803244817547
19451,7.80688377396927
19452,3.06026147640171
19453,3.95304468867594
19454,6.36108969334415
19455,5.50763534498573
19456,4.94648278463762
19457,5.42183140196185
19458,4.12589154222244
19459,5.25593031660247
19460,4.86574681923366
19461,4.54722278197936
19462,5.0275132472668
19463,4.8030170585764
19464,7.14411852218249
19465,5.0503673799294
19466,6.63480666940289
19467,6.98347993096431
19468,5.43774852419489
19469,3.55866607790017
19470,5.86063798519308
19471,5.3916101558724
19472,3.00870705116163
19473,4.84715924029479
19474,6.15029829741011
19475,5.20867167982502
19476,4.52468107033975
19477,4.44136830039846
19478,7.24825279254638
19479,6.32799805345157
19480,5.73298633943261
19481,4.80164033471355
19482,3.18734230862265
19483,4.91492262727539
19484,6.04549681131742
19485,7.08235721817791
19486,4.58235700775713
19487,2.01033695452292
19488,6.586584198366
19489,5.45259506197471
19490,6.26249629052137
19491,5.3101573873347
19492,5.90022078245017
19493,5.14590847198634
19494,7.9191601725982
19495,5.66851696243054
19496,4.77028850402326
19497,6.17923779695179
19498,7.20612936446705
19499,5.62304355889316
19500,4.80734246301498
19501,5.96814683692542
19502,3.46540838213047
19503,7.25518767349734
19504,5.52291276280485
19505,2.49132487557378
19506,7.15068639940385
19507,5.90837284574754
19508,6.72608448499351
19509,5.86233225285902
19510,5.71295698062995
19511,7.80929979191411
19512,6.55824538707437
19513,7.29075643421638
19514,7.01217417794182
19515,4.53030963012349
19516,6.65411363385462
19517,7.18871019474934
19518,5.31806375334267
19519,5.34137923382195
19520,4.30079181669939
19521,3.94771487392216
19522,4.45799443323763
19523,3.46945903848848
19524,6.44791198294967
19525,6.14108519125183
19526,4.65057471232748
19527,7.54484708206916
19528,8.01276082020051
19529,3.86859900944134
19530,7.95733949051773
19531,7.09130308927124
19532,3.57857302462024
19533,4.75229599885706
19534,5.80471011514735
19535,7.4213186646491
19536,6.91753870728482
19537,5.96117768361748
19538,5.310149229621
19539,6.60312023590089
19540,5.91383650531376
19541,3.81240663556919
19542,5.19731165451545
19543,7.71905679019713
19544,8.18847124804753
19545,7.44896837779135
19546,6.10591107618862
19547,6.5941370008516
19548,6.10760626813301
19549,5.7403372452061
19550,3.92303919027363
19551,3.28010620179662
19552,3.30409035999817
19553,3.85765161087914
19554,5.02095223717523
19555,5.29680741622834
19556,7.11423927837973
19557,4.76208291187322
19558,6.38006640762877
19559,5.37834651855568
19560,5.00848963132854
19561,3.29741760996065
19562,4.7679046141694
19563,7.03509146762711
19564,5.76739012846034
19565,2.90034400801618
19566,2.21102668589757
19567,8.00373333644326
19568,3.56856409077562
19569,5.75390041557988
19570,4.5320023550208
19571,5.26313341707986
19572,7.57912053931848
19573,6.08416696793684
19574,7.35548400304683
19575,5.42652016271558
19576,5.94228786452616
19577,6.23113968075456
19578,-1.18229279231255
19579,7.01057554462559
19580,7.71126591866197
19581,7.61720878258039
19582,2.85434483034827
19583,4.52184765946377
19584,5.59935393303927
19585,6.66478110089428
19586,5.40612430970314
19587,4.11858968607815
19588,5.63964745887482
19589,4.39023627508419
19590,6.82711251927129
19591,7.4903666863161
19592,7.20011650130464
19593,4.89429558905565
19594,5.68815720829513
19595,6.07326643689409
19596,6.44004665083883
19597,7.84489979210814
19598,5.81796901162653
19599,8.14793015750006
19600,6.22429687069831
19601,5.41180886149689
19602,5.57573189547399
19603,6.92859108623356
19604,6.1101130840357
19605,6.81963539730711
19606,6.93827313528968
19607,3.25697213344243
19608,4.60917453607538
19609,7.70683775094229
19610,2.83596322465218
19611,5.66654749100643
19612,1.50124343564604
19613,5.07261030759033
19614,6.02985852929845
19615,7.23119528336485
19616,0.438872018307571
19617,7.31644722243932
19618,4.26869423807199
19619,5.93374672577153
19620,6.39035465268427
19621,6.6837387369634
19622,5.84375339112007
19623,6.46738036595799
19624,3.60038775474123
19625,4.88579681579432
19626,4.67621380507187
19627,5.88929186350288
19628,7.6332130105722
19629,5.99569522382028
19630,3.57207066251324
19631,7.86729220795992
19632,4.91970078072258
19633,7.61989954378871
19634,7.11505870366981
19635,6.53276035850175
19636,4.20478213205049
19637,6.18065949302383
19638,6.47308614645939
19639,7.47202341480689
19640,6.1842131933844
19641,7.35461123733722
19642,6.8738088970227
19643,7.16736433491362
19644,6.24036169526762
19645,7.66371529688564
19646,6.08799631188283
19647,6.43707084003327
19648,5.30874078909524
19649,6.72153641411855
19650,4.06616905830881
19651,3.90790064582807
19652,6.23654178661349
19653,6.72300240364
19654,7.06233068434498
19655,6.13100190890043
19656,5.71460182337765
19657,5.95935708936496
19658,6.58208466095028
19659,6.20783259358739
19660,6.66828598566653
19661,4.60318599948684
19662,3.72879672891139
19663,4.10953175270308
19664,4.10341132773099
19665,4.30027532560525
19666,5.32798017694769
19667,6.2155449089391
19668,5.28501086994222
19669,6.02976967302713
19670,5.13791472568187
19671,4.64820703663119
19672,1.54460324024531
19673,6.64641117885776
19674,5.01321475645003
19675,3.52907169214782
19676,6.21979357763056
19677,5.84735175751985
19678,7.31949366423321
19679,6.75566879851659
19680,4.89083291585728
19681,3.86760682468619
19682,6.11503276285608
19683,4.96462744384259
19684,5.04305229501364
19685,6.37887672816819
19686,4.01495225298776
19687,4.01730895347944
19688,2.80671525765672
19689,7.9379137041162
19690,3.91874180542473
19691,7.43272832764815
19692,4.5532139206777
19693,6.15495831295052
19694,6.0715737428138
19695,5.58420490208399
19696,8.25665022841781
19697,5.66884699576181
19698,7.14217511286312
19699,6.19518015121455
19700,2.93216439072459
19701,6.87117323012059
19702,5.41195626784384
19703,7.22085505740089
19704,5.61020562956424
19705,5.71912566045928
19706,8.19852318735442
19707,5.36603348843609
19708,2.94950606249911
19709,7.68003830748383
19710,6.78987602598662
19711,7.50955368688007
19712,3.94487678384758
19713,6.02351293245911
19714,6.95112822314583
19715,6.80583435540216
19716,5.7117957892432
19717,5.52123908680974
19718,7.03108761996086
19719,6.46892065947161
19720,5.29924409199595
19721,5.47525720376923
19722,6.1483214781488
19723,7.33391489224138
19724,5.84640716293766
19725,6.84169470281775
19726,5.47544582848564
19727,5.99192324089925
19728,3.45568497403295
19729,3.87143842899568
19730,5.68791518949317
19731,5.45574450241188
19732,5.85180814263442
19733,6.43103123340189
19734,6.86599531525171
19735,4.99229592219841
19736,7.00144904163349
19737,5.917893401735
19738,5.14365495244344
19739,5.6142083891896
19740,4.93178609603834
19741,6.09603111388041
19742,7.391970451078
19743,4.82159894032937
19744,6.78406330219755
19745,5.20544220877857
19746,5.21093625209959
19747,5.14875423021362
19748,4.67104972639129
19749,8.11429632783048
19750,3.36905099111522
19751,7.44561473656651
19752,5.81586385144768
19753,1.67757030217214
19754,6.21969889178054
19755,6.65156167067045
19756,6.76623744452607
19757,7.88543022953982
19758,6.7103094310421
19759,7.18426619237947
19760,6.09288735815603
19761,2.91156520784848
19762,5.59635066424825
19763,5.2338463831068
19764,4.45281461436528
19765,6.03913056400094
